Mst. ID,Messstellen Name,Jahr,Bundesland,Flussgebiet,Seehöhe
107839,Absdorf,2014,Niederösterreich,Donaugebiet zwischen Enns und March,182.0
115063,Abtenau,2014,Salzburg,Salzachgebiet,711.0
104489,Ach-Burghausen,2014,Oberösterreich,Salzachgebiet,473.0
101345,Achenkirch,2014,Tirol,Donaugebiet oberhalb des Inn,906.0
101550,Achenkirch-MühleggerköpflNIEDERSCHLAG,2014,Tirol,Donaugebiet oberhalb des Inn,900.0
115154,Ackernalm,2014,Tirol,Inngebiet oberhalb der Salzach,1324.0
106153,Admont,2014,Steiermark,Ennsgebiet,700.0
111963,Aflenz Kurort,2014,Steiermark,Murgebiet,784.0
113548,Afritz,2014,Kärnten,Draugebiet,712.0
106104,Aigen im Ennstal,2014,Steiermark,Ennsgebiet,640.0
100842,Alberschwende,2014,Vorarlberg,Rheingebiet,717.0
108183,Alland (Autobahnmeisterei)NIEDERSCHLAG,2014,Niederösterreich,Donaugebiet zwischen Enns und March,339.0
108670,Alland-Groisbach,2014,Niederösterreich,Donaugebiet zwischen Enns und March,387.0
115097,Allentsteig,2014,Niederösterreich,Marchgebiet,599.0
105486,Almsee-Fischerau,2014,Oberösterreich,Traungebiet,574.0
111435,Alpl,2014,Steiermark,Raabgebiet,1020.0
115568,Annaberg,2014,Niederösterreich,Donaugebiet zwischen Enns und March,924.0
126029,Annaberg,2014,Salzburg,Salzachgebiet,720.0
113035,Anras,2014,Tirol,Draugebiet,1300.0
110569,Apetlon,2014,Burgenland,Rabnitzgebiet,118.0
107557,Arbesbach,2014,Niederösterreich,Donaugebiet zwischen Enns und March,854.0
113746,Arnoldstein,2014,Kärnten,Draugebiet,574.0
109058,Artstetten-Nussendorf,2014,Niederösterreich,Donaugebiet zwischen Enns und March,599.0
112904,Arzberg,2014,Steiermark,Raabgebiet,566.0
106732,Arztaler Hochleger,2014,Tirol,Inngebiet oberhalb der Salzach,2130.0
104695,Aschach an der Donau,2014,Oberösterreich,Donaugebiet zwischen Inn und Traun,292.0
103218,Aschau,2014,Tirol,Inngebiet oberhalb der Salzach,1005.0
109959,Aspang,2014,Niederösterreich,Leithagebiet,454.0
103374,Assling-Vergein,2014,Tirol,Draugebiet,1400.0
105395,Attersee,2014,Oberösterreich,Traungebiet,495.0
109140,Atzenbrugg,2014,Niederösterreich,Donaugebiet zwischen Enns und March,196.0
100560,Au-Argenau,2014,Vorarlberg,Rheingebiet,807.0
110239,Ausseraigen,2014,Niederösterreich,Leithagebiet,681.0
115675,Ausserhalbach,2014,Niederösterreich,Donaugebiet zwischen Enns und March,490.0
103309,Axams,2014,Tirol,Inngebiet oberhalb der Salzach,890.0
101543,Baad,2014,Vorarlberg,Donaugebiet oberhalb des Inn,1305.0
113803,Babniak,2014,Kärnten,Draugebiet,453.0
105122,Bad Aussee,2014,Steiermark,Traungebiet,665.0
113522,Bad Bleiberg,2014,Kärnten,Draugebiet,909.0
108555,Bad Deutsch-Altenburg,2014,Niederösterreich,Donaugebiet zwischen Enns und March,173.0
112417,Bad Gleichenberg,2014,Steiermark,Murgebiet,303.0
105213,Bad Goisern,2014,Oberösterreich,Traungebiet,505.0
105262,Bad Ischl,2014,Oberösterreich,Traungebiet,507.0
104943,Bad Leonfelden,2014,Oberösterreich,Donaugebiet zwischen Inn und Traun,725.0
106039,Bad Mitterndorf,2014,Steiermark,Ennsgebiet,808.0
112482,Bad Radkersburg,2014,Steiermark,Murgebiet,207.0
115683,Bad Schönau,2014,Niederösterreich,Raabgebiet,474.0
111005,Bad Waltersdorf,2014,Steiermark,Raabgebiet,285.0
103630,Badgastein,2014,Salzburg,Salzachgebiet,1092.0
106740,Baierhof,2014,Tirol,Inngebiet oberhalb der Salzach,1365.0
109686,Baumgarten an der March,2014,Niederösterreich,Marchgebiet,144.0
106484,Behamberg,2014,Niederösterreich,Ennsgebiet,495.0
115105,Berndorf,2014,Niederösterreich,Donaugebiet zwischen Enns und March,337.0
109769,Bernhardsthal,2014,Niederösterreich,Marchgebiet,169.0
111138,Bernstein,2014,Burgenland,Raabgebiet,631.0
101246,Berwang,2014,Tirol,Donaugebiet oberhalb des Inn,1295.0
100545,Biberacher Hütte,2014,Vorarlberg,Rheingebiet,1840.0
101907,Bieltal,2014,Tirol,Inngebiet oberhalb der Salzach,2500.0
100487,Bildstein,2014,Vorarlberg,Rheingebiet,720.0
123117,Birkfeld (Schule),2014,Steiermark,Raabgebiet,680.0
119313,Alplhütte,2014,Tirol,Inngebiet oberhalb der Salzach,1500.0
100883,Altach,2014,Vorarlberg,Rheingebiet,412.0
108746,Altenburg,2014,Niederösterreich,Donaugebiet zwischen Enns und March,393.0
110197,Altereralm,2014,Tirol,Inngebiet oberhalb der Salzach,1620.0
104380,Altheim,2014,Oberösterreich,Inngebiet unterhalb der Salzach,358.0
115667,Altlichtenwarth,2014,Niederösterreich,Marchgebiet,209.0
109710,Altmanns,2014,Niederösterreich,Moldaugebiet,590.0
105767,Altmünster,2014,Oberösterreich,Traungebiet,517.0
109124,Altpölla,2014,Niederösterreich,Donaugebiet zwischen Enns und March,465.0
103333,Am Nachtsöllberg,2014,Tirol,Inngebiet oberhalb der Salzach,995.0
100933,Amerlügen (Saminaweg),2014,Vorarlberg,Rheingebiet,760.0
119479,Ammerwald,2014,Tirol,Donaugebiet oberhalb des Inn,1090.0
107110,Amstetten,2014,Niederösterreich,Donaugebiet zwischen Enns und March,266.0
110585,Andau,2014,Burgenland,Rabnitzgebiet,119.0
100636,Andelsbuch,2014,Vorarlberg,Rheingebiet,600.0
107748,Brand-Laaben,2014,Niederösterreich,Donaugebiet zwischen Enns und March,317.0
102749,Brandenberg,2014,Tirol,Inngebiet oberhalb der Salzach,920.0
114363,Brandl-Koralpe,2014,Kärnten,Draugebiet,1415.0
100271,Brandner Gletscher,2014,Vorarlberg,Rheingebiet,2700.0
104323,Braunau am Inn,2014,Oberösterreich,Inngebiet unterhalb der Salzach,360.0
119529,Braunschweiger Hütte,2014,Tirol,Inngebiet oberhalb der Salzach,2740.0
100859,Bregenz,2014,Vorarlberg,Rheingebiet,425.0
100776,Bregenz (Altreuteweg),2014,Vorarlberg,Rheingebiet,447.0
100750,Bregenz-Rieden,2014,Vorarlberg,Rheingebiet,430.0
106542,Breitenau,2014,Oberösterreich,Ennsgebiet,514.0
112003,Breitenau bei Mixnitz,2014,Steiermark,Murgebiet,560.0
123034,Breitenbach,2014,Steiermark,Murgebiet,880.0
109330,Breitenfeld,2014,Niederösterreich,Marchgebiet,568.0
115691,Breitenstein,2014,Niederösterreich,Leithagebiet,722.0
102343,Brenner,2014,Tirol,Inngebiet oberhalb der Salzach,1445.0
109983,Bromberg,2014,Niederösterreich,Leithagebiet,419.0
114272,Diex,2014,Kärnten,Draugebiet,1150.0
109306,Dobersberg,2014,Niederösterreich,Marchgebiet,488.0
102616,Dominikushütte,2014,Tirol,Inngebiet oberhalb der Salzach,1800.0
106062,Donnersbach,2014,Steiermark,Ennsgebiet,720.0
106500,Donnersbachwald,2014,Steiermark,Ennsgebiet,980.0
110460,Donnerskirchen,2014,Burgenland,Rabnitzgebiet,126.0
110650,Donnerskirchen (Waldgasse),2014,Burgenland,Rabnitzgebiet,206.0
100735,Doren,2014,Vorarlberg,Rheingebiet,710.0
115840,Dornbach,2014,Niederösterreich,Donaugebiet zwischen Enns und March,454.0
100479,Dornbirn,2014,Vorarlberg,Rheingebiet,441.0
114454,Drasendorf,2014,Kärnten,Draugebiet,582.0
115717,Drasenhofen,2014,Niederösterreich,Marchgebiet,214.0
110445,Draßburg,2014,Burgenland,Rabnitzgebiet,229.0
114165,Dreifaltigkeit,2014,Kärnten,Draugebiet,1096.0
103085,Dresdner Hütte,2014,Tirol,Inngebiet oberhalb der Salzach,2290.0
115733,Drosendorf,2014,Niederösterreich,Marchgebiet,390.0
115725,Drösiedl,2014,Niederösterreich,Marchgebiet,515.0
102665,Durlaßboden,2014,Tirol,Inngebiet oberhalb der Salzach,1432.0
102673,Durlaßboden,2014,Tirol,Inngebiet oberhalb der Salzach,1432.0
106757,Dörfl (Voldertal),2014,Tirol,Inngebiet oberhalb der Salzach,1440.0
111468,Dürnbach im Burgenland,2014,Burgenland,Raabgebiet,292.0
109546,Dürnkrut,2014,Niederösterreich,Marchgebiet,163.0
106690,Dürrnberg,2014,Salzburg,Salzachgebiet,726.0
105577,Ebelsberg (Gottschallingerstr),2014,Oberösterreich,Traungebiet,261.0
105734,Ebensee (Wasserwerk),2014,Oberösterreich,Traungebiet,422.0
115741,Ebenwald,2014,Niederösterreich,Donaugebiet zwischen Enns und March,1034.0
111179,Eberau,2014,Burgenland,Raabgebiet,215.0
110783,Eberschwang,2014,Oberösterreich,Inngebiet unterhalb der Salzach,535.0
100453,Ebnit,2014,Vorarlberg,Rheingebiet,1051.0
110130,Ebreichsdorf,2014,Niederösterreich,Donaugebiet zwischen Enns und March,199.0
108522,Eckartsau,2014,Niederösterreich,Donaugebiet zwischen Enns und March,146.0
110536,Edmundshof,2014,Burgenland,Rabnitzgebiet,148.0
104984,Eferding,2014,Oberösterreich,Donaugebiet zwischen Inn und Traun,274.0
100644,Egg,2014,Vorarlberg,Rheingebiet,660.0
115626,Eggenburg,2014,Niederösterreich,Donaugebiet zwischen Enns und March,362.0
101485,Ehrwald,2014,Tirol,Donaugebiet oberhalb des Inn,960.0
112268,Eibiswald,2014,Steiermark,Murgebiet,360.0
123042,Eichberg,2014,Steiermark,Murgebiet,610.0
115592,Eichenbrunn,2014,Niederösterreich,Marchgebiet,259.0
111161,Eisenberg an der Pinka,2014,Burgenland,Raabgebiet,247.0
101675,Eisenerzer Ramsau,2014,Steiermark,Ennsgebiet,1020.0
113894,Eisenkappel,2014,Kärnten,Draugebiet,620.0
110734,Eisenstadt,2014,Burgenland,Rabnitzgebiet,195.0
110437,Eisenstadt,2014,Burgenland,Rabnitzgebiet,184.0
102806,Ellmau,2014,Tirol,Inngebiet oberhalb der Salzach,750.0
101196,Elmen-Martinau,2014,Tirol,Donaugebiet oberhalb des Inn,954.0
111088,Eltendorf,2014,Burgenland,Raabgebiet,244.0
105643,Enns,2014,Oberösterreich,Donaugebiet zwischen Traun und Enns,259.0
107128,Ennsbach,2014,Niederösterreich,Donaugebiet zwischen Enns und March,244.0
107847,Enzersdorf im Thale,2014,Niederösterreich,Donaugebiet zwischen Enns und March,264.0
104125,Enzingerboden,2014,Salzburg,Salzachgebiet,1474.0
109157,Ernstbrunn,2014,Niederösterreich,Marchgebiet,268.0
115766,Ernsthofen,2014,Niederösterreich,Ennsgebiet,284.0
115774,Etzelsreith,2014,Niederösterreich,Donaugebiet zwischen Enns und March,532.0
103895,Eugendorf,2014,Salzburg,Salzachgebiet,520.0
101659,Faak am See,2014,Kärnten,Draugebiet,584.0
107821,Fahndorf,2014,Niederösterreich,Donaugebiet zwischen Enns und March,331.0
114652,Falkert,2014,Kärnten,Draugebiet,1855.0
113449,Farchtensee,2014,Kärnten,Draugebiet,990.0
103341,Bromberg,2014,Tirol,Inngebiet oberhalb der Salzach,1180.0
110049,Bruck an der Leitha,2014,Niederösterreich,Leithagebiet,158.0
111898,Bruck an der Mur,2014,Steiermark,Murgebiet,482.0
110056,Bruckneudorf-Heidehof,2014,Burgenland,Leithagebiet,166.0
106658,Brunnbach,2014,Oberösterreich,Ennsgebiet,595.0
106237,Brunngraben,2014,Steiermark,Ennsgebiet,710.0
101626,Buchacker,2014,Tirol,Inngebiet oberhalb der Salzach,1425.0
111989,Buchberg,2014,Steiermark,Murgebiet,880.0
110270,Buchberg,2014,Niederösterreich,Donaugebiet zwischen Enns und March,460.0
103580,Bucheben,2014,Salzburg,Salzachgebiet,1077.0
122770,Buchkogel,2014,Burgenland,Rabnitzgebiet,428.0
101394,Bärenbad,2014,Tirol,Donaugebiet oberhalb des Inn,1480.0
113787,Bärental,2014,Kärnten,Draugebiet,987.0
112490,Bärnbach,2014,Steiermark,Murgebiet,420.0
107540,Bärnkopf,2014,Niederösterreich,Donaugebiet zwischen Enns und March,962.0
103622,Böckstein,2014,Salzburg,Salzachgebiet,1140.0
100628,Bödele,2014,Vorarlberg,Rheingebiet,1150.0
111971,Bürgeralm bei Aflenz,2014,Steiermark,Murgebiet,1500.0
109082,Christenthal,2014,Niederösterreich,Donaugebiet zwischen Enns und March,650.0
100263,Dalaas,2014,Vorarlberg,Rheingebiet,951.0
100578,Damüls-Uga,2014,Vorarlberg,Rheingebiet,1913.0
106674,Defregger Haus,2014,Tirol,Draugebiet,2970.0
114389,Dellach im Drautal,2014,Kärnten,Draugebiet,628.0
110015,Deutsch Brodersdorf,2014,Niederösterreich,Leithagebiet,198.0
110692,Deutsch Jahrndorf,2014,Burgenland,Donaugebiet zwischen March und Leitha,131.0
111443,Deutsch Kaltenbrunn,2014,Burgenland,Raabgebiet,358.0
109199,Deutsch Wagram,2014,Niederösterreich,Donaugebiet zwischen Enns und March,158.0
110601,Deutschkreutz,2014,Burgenland,Rabnitzgebiet,175.0
112342,Deutschlandsberg,2014,Steiermark,Murgebiet,410.0
121012,Diedamskopf,2014,Vorarlberg,Rheingebiet,1796.0
106633,Birnberg,2014,Steiermark,Ennsgebiet,820.0
104133,Bischofshofen,2014,Salzburg,Salzachgebiet,550.0
100602,Bizau,2014,Vorarlberg,Rheingebiet,705.0
113555,Bleistätter Moor,2014,Kärnten,Draugebiet,510.0
100362,Blons,2014,Vorarlberg,Rheingebiet,772.0
101071,Bludenz,2014,Vorarlberg,Rheingebiet,578.0
116434,Blumau,2014,Niederösterreich,Donaugebiet zwischen Enns und March,233.0
101170,Boden,2014,Tirol,Donaugebiet oberhalb des Inn,1355.0
113837,Bodental,2014,Kärnten,Draugebiet,1055.0
119362,Bodenwald,2014,Tirol,Donaugebiet oberhalb des Inn,1280.0
106617,Bodinggraben,2014,Oberösterreich,Ennsgebiet,640.0
112466,Bonisdorf,2014,Burgenland,Murgebiet,376.0
106609,Bosruckhütte,2014,Oberösterreich,Ennsgebiet,1036.0
106682,Bramberg,2014,Salzburg,Salzachgebiet,844.0
100313,Brand,2014,Vorarlberg,Rheingebiet,1005.0
100438,Fussach,2014,Vorarlberg,Rheingebiet,400.0
112896,Gaberl,2014,Steiermark,Murgebiet,1160.0
105056,Gablitz,2014,Niederösterreich,Donaugebiet zwischen Enns und March,284.0
114736,Gaisberg,2014,Kärnten,Draugebiet,930.0
101667,Gaishorn,2014,Steiermark,Ennsgebiet,720.0
100420,Gaissau,2014,Vorarlberg,Rheingebiet,400.0
105619,Gallneukirchen,2014,Oberösterreich,Donaugebiet zwischen Traun und Enns,330.0
101949,Galtür,2014,Tirol,Inngebiet oberhalb der Salzach,1587.0
100156,Gargellener Kopf,2014,Vorarlberg,Rheingebiet,2210.0
115790,Gars am Kamp,2014,Niederösterreich,Donaugebiet zwischen Enns und March,270.0
101030,Gasselsdorf,2014,Steiermark,Murgebiet,780.0
110064,Gattendorf,2014,Burgenland,Leithagebiet,150.0
104927,Geboltskirchen,2014,Oberösterreich,Donaugebiet zwischen Inn und Traun,540.0
112862,Gedersberg,2014,Steiermark,Murgebiet,390.0
108761,Gedersdorf,2014,Niederösterreich,Donaugebiet zwischen Enns und March,196.0
101832,Gepatschalpe,2014,Tirol,Inngebiet oberhalb der Salzach,1899.0
109645,Geras,2014,Niederösterreich,Marchgebiet,464.0
104026,Geretsberg,2014,Oberösterreich,Inngebiet unterhalb der Salzach,505.0
102681,Gerlos,2014,Tirol,Inngebiet oberhalb der Salzach,1263.0
102699,Gerlos-Gmünd,2014,Tirol,Inngebiet oberhalb der Salzach,1180.0
107433,Gföhl,2014,Niederösterreich,Donaugebiet zwischen Enns und March,582.0
115808,Ginzersdorf,2014,Niederösterreich,Marchgebiet,176.0
102632,Ginzling,2014,Tirol,Inngebiet oberhalb der Salzach,1060.0
103879,Glanegg,2014,Salzburg,Salzachgebiet,450.0
112946,Glanz,2014,Steiermark,Murgebiet,476.0
111351,Glashütten bei Langeck,2014,Burgenland,Raabgebiet,431.0
111450,Glasing,2014,Burgenland,Raabgebiet,209.0
115071,Glein,2014,Steiermark,Murgebiet,702.0
112524,Gleinstätten,2014,Steiermark,Murgebiet,303.0
110833,Gleisdorf,2014,Steiermark,Raabgebiet,375.0
114371,Glocknerhaus,2014,Kärnten,Draugebiet,2140.0
101782,Glockturm,2014,Tirol,Inngebiet oberhalb der Salzach,2800.0
109868,Gloggnitz,2014,Niederösterreich,Leithagebiet,509.0
105718,Gmunden-Traundorf,2014,Oberösterreich,Traungebiet,456.0
105320,Gmunden,2014,Oberösterreich,Traungebiet,426.0
109215,Gmünd,2014,Niederösterreich,Moldaugebiet,498.0
114579,Goldeck,2014,Kärnten,Draugebiet,1882.0
104745,Goldwörth,2014,Oberösterreich,Donaugebiet zwischen Inn und Traun,260.0
103820,Golling-Torren,2014,Salzburg,Salzachgebiet,473.0
106229,Gollrad-Wegscheid,2014,Steiermark,Ennsgebiet,850.0
100891,Golm-Grüneck,2014,Vorarlberg,Rheingebiet,1919.0
119735,Golzentipp-Gudis,2014,Tirol,Draugebiet,2170.0
105197,Gosau,2014,Oberösterreich,Traungebiet,765.0
119669,Gossenkölle,2014,Tirol,Inngebiet oberhalb der Salzach,2500.0
108647,Grabenegg,2014,Niederösterreich,Donaugebiet zwischen Enns und March,274.0
114587,Grades-Klachl,2014,Kärnten,Draugebiet,734.0
102566,Gradlaste,2014,Tirol,Inngebiet oberhalb der Salzach,1060.0
107565,Grafenschlag,2014,Niederösterreich,Donaugebiet zwischen Enns und March,787.0
107698,Grafenwörth,2014,Niederösterreich,Donaugebiet zwischen Enns und March,190.0
101360,Gramai NL,2014,Tirol,Donaugebiet oberhalb des Inn,1330.0
101162,Gramais,2014,Tirol,Donaugebiet oberhalb des Inn,1320.0
112078,Gratkorn,2014,Steiermark,Murgebiet,392.0
112102,Graz (Flugplatz),2014,Steiermark,Murgebiet,340.0
112094,Graz (Universität),2014,Steiermark,Murgebiet,366.0
112086,Graz-Andritz,2014,Steiermark,Murgebiet,361.0
101063,Graz-Gries,2014,Steiermark,Murgebiet,350.0
113126,Greifenburg,2014,Kärnten,Draugebiet,615.0
106963,Grein,2014,Oberösterreich,Donaugebiet zwischen Enns und March,270.0
106641,Greith,2014,Steiermark,Ennsgebiet,945.0
109041,Gresten,2014,Niederösterreich,Donaugebiet zwischen Enns und March,398.0
111294,Fehring,2014,Steiermark,Raabgebiet,260.0
109173,Feichtenbach,2014,Niederösterreich,Donaugebiet zwischen Enns und March,493.0
113738,Feistritz an der Gail,2014,Kärnten,Draugebiet,561.0
114900,Felbertauerntunnel-Süd,2014,Tirol,Draugebiet,1637.0
100008,Feldbach,2014,Steiermark,Raabgebiet,323.0
100396,Feldkirch-Gisingen,2014,Vorarlberg,Rheingebiet,440.0
101808,Fendels,2014,Tirol,Inngebiet oberhalb der Salzach,1343.0
113845,Ferlach,2014,Kärnten,Draugebiet,459.0
123216,Festenburg-Hinterberg,2014,Steiermark,Raabgebiet,920.0
105296,Feuerkogel,2014,Oberösterreich,Traungebiet,1618.0
100677,Feuerstätter Sättele,2014,Vorarlberg,Rheingebiet,1413.0
103135,Fieberbrunn,2014,Tirol,Inngebiet oberhalb der Salzach,850.0
105940,Filzmoos,2014,Salzburg,Ennsgebiet,1050.0
119222,Finstertal-Gametzköpfl,2014,Tirol,Inngebiet oberhalb der Salzach,2470.0
101592,Fischbach,2014,Steiermark,Raabgebiet,1050.0
105908,Flachau,2014,Salzburg,Ennsgebiet,910.0
115782,Flachberg,2014,Niederösterreich,Donaugebiet zwischen Enns und March,179.0
111401,Fladnitzberg,2014,Steiermark,Raabgebiet,1070.0
113951,Flattnitz,2014,Kärnten,Murgebiet,1430.0
101519,Flirsch,2014,Tirol,Inngebiet oberhalb der Salzach,1204.0
101923,Fluchthornferner,2014,Tirol,Inngebiet oberhalb der Salzach,2750.0
100354,Fontanella,2014,Vorarlberg,Rheingebiet,1167.0
101212,Forchach,2014,Tirol,Donaugebiet oberhalb des Inn,910.0
110403,Forchtenstein,2014,Burgenland,Rabnitzgebiet,397.0
108175,Forsthaus Lobau,2014,Wien,Donaugebiet zwischen Enns und March,156.0
110775,Frankenau,2014,Burgenland,Rabnitzgebiet,208.0
105429,Frankenburg,2014,Oberösterreich,Traungebiet,515.0
107300,Frankenfels,2014,Niederösterreich,Donaugebiet zwischen Enns und March,468.0
119198,Franz-Senn-Hütte,2014,Tirol,Inngebiet oberhalb der Salzach,2150.0
108969,Franzensdorf,2014,Niederösterreich,Donaugebiet zwischen Enns und March,152.0
100925,Frastanz,2014,Vorarlberg,Rheingebiet,487.0
106724,Frauenkirchen,2014,Burgenland,Rabnitzgebiet,122.0
123059,Frauental,2014,Steiermark,Murgebiet,350.0
100867,Fraxern,2014,Vorarlberg,Rheingebiet,807.0
112615,Frein an der Mürz,2014,Steiermark,Murgebiet,867.0
114496,Fresach,2014,Kärnten,Draugebiet,683.0
110940,Friedberg-Ortgraben,2014,Steiermark,Raabgebiet,550.0
104976,Friedburg,2014,Oberösterreich,Inngebiet unterhalb der Salzach,512.0
113993,Friesach,2014,Kärnten,Draugebiet,640.0
102574,Friesenberghaus,2014,Tirol,Inngebiet oberhalb der Salzach,2500.0
119560,Hintere Fundusalm,2014,Tirol,Inngebiet oberhalb der Salzach,2180.0
112037,Frohnleiten,2014,Steiermark,Murgebiet,420.0
101766,Furgglersee,2014,Tirol,Inngebiet oberhalb der Salzach,2330.0
108258,Furth-Harras,2014,Niederösterreich,Donaugebiet zwischen Enns und March,488.0
105353,Fuschl,2014,Salzburg,Traungebiet,670.0
103978,Grubhof-St.Martin,2014,Salzburg,Salzachgebiet,630.0
119800,Gaudeamushütte,2014,Tirol,Inngebiet oberhalb der Salzach,1580.0
106047,Gröbming,2014,Steiermark,Ennsgebiet,766.0
105494,Grünau-Almegg,2014,Oberösterreich,Traungebiet,540.0
102624,Grüne-Wand-Hütte,2014,Tirol,Inngebiet oberhalb der Salzach,1460.0
119834,Gschlössboden,2014,Tirol,Draugebiet,1730.0
112698,Gschnaidt,2014,Steiermark,Murgebiet,1128.0
119412,Gschnitz,2014,Tirol,Inngebiet oberhalb der Salzach,1280.0
103192,Gschößwand,2014,Tirol,Inngebiet oberhalb der Salzach,1790.0
106161,Gstatterboden,2014,Steiermark,Ennsgebiet,580.0
101436,Gufferthütte,2014,Tirol,Donaugebiet oberhalb des Inn,1415.0
104638,Guglwald,2014,Oberösterreich,Donaugebiet zwischen Inn und Traun,727.0
116459,Gumpoldskirchen,2014,Niederösterreich,Donaugebiet zwischen Enns und March,212.0
115816,Guntersdorf,2014,Niederösterreich,Donaugebiet zwischen Enns und March,246.0
116244,Guntramsdorf,2014,Niederösterreich,Donaugebiet zwischen Enns und March,186.0
106864,Gutau,2014,Oberösterreich,Donaugebiet zwischen Enns und March,630.0
105080,Heiligenkreuz,2014,Burgenland,Raabgebiet,228.0
104901,Helfenberg,2014,Oberösterreich,Donaugebiet zwischen Inn und Traun,598.0
104885,Hellmonsödt,2014,Oberösterreich,Donaugebiet zwischen Inn und Traun,840.0
115659,Herzogenburg,2014,Niederösterreich,Donaugebiet zwischen Enns und March,223.0
115857,Himberg,2014,Niederösterreich,Donaugebiet zwischen Enns und March,167.0
102087,Hintereisferner,2014,Tirol,Inngebiet oberhalb der Salzach,2970.0
101188,Hinterhornbach,2014,Tirol,Donaugebiet oberhalb des Inn,1100.0
108993,Hinterlug,2014,Niederösterreich,Donaugebiet zwischen Enns und March,416.0
101311,Hinterriß,2014,Tirol,Donaugebiet oberhalb des Inn,920.0
103846,Hintersee,2014,Salzburg,Salzachgebiet,727.0
106351,Hinterstoder,2014,Oberösterreich,Ennsgebiet,590.0
112656,Hirschegg,2014,Steiermark,Murgebiet,1158.0
116475,Hirschenkogel,2014,Niederösterreich,Leithagebiet,1318.0
111153,Hirschenstein,2014,Burgenland,Raabgebiet,709.0
100701,Hittisau,2014,Vorarlberg,Rheingebiet,802.0
123190,Hitzendorf,2014,Steiermark,Murgebiet,427.0
113373,Hochalm (Ochsenhütte),2014,Kärnten,Draugebiet,2010.0
113019,Hochberg,2014,Tirol,Draugebiet,1672.0
117523,Hocheck,2014,Oberösterreich,Inngebiet unterhalb der Salzach,595.0
113464,Hochegg,2014,Kärnten,Draugebiet,1026.0
102889,Hochfilzen,2014,Tirol,Inngebiet oberhalb der Salzach,960.0
101584,Hochgleinz,2014,Steiermark,Murgebiet,340.0
102111,Hochjochhospiz,2014,Tirol,Inngebiet oberhalb der Salzach,2360.0
111278,Hochneukirchen,2014,Niederösterreich,Raabgebiet,736.0
123174,Hochreichhart,2014,Steiermark,Murgebiet,1500.0
100669,Hochrubachalpe,2014,Vorarlberg,Rheingebiet,1517.0
110320,Hochstraß,2014,Burgenland,Rabnitzgebiet,424.0
101444,Hochstögen,2014,Tirol,Donaugebiet oberhalb des Inn,1350.0
115485,Hochtor,2014,Kärnten,Draugebiet,2450.0
109975,Hochwolkersdorf,2014,Niederösterreich,Leithagebiet,614.0
104935,Hofkirchen an der Trattnach,2014,Oberösterreich,Donaugebiet zwischen Inn und Traun,385.0
107318,Hofstetten,2014,Niederösterreich,Donaugebiet zwischen Enns und March,318.0
111377,Hohenau am Wechsel,2014,Steiermark,Raabgebiet,1080.0
109462,Hohenau an der March,2014,Niederösterreich,Marchgebiet,154.0
111369,Hohenau an der Raab,2014,Steiermark,Raabgebiet,702.0
115873,Hohenberg,2014,Niederösterreich,Donaugebiet zwischen Enns und March,474.0
100529,Hohenems,2014,Vorarlberg,Rheingebiet,422.0
107060,Hohenlehen,2014,Niederösterreich,Donaugebiet zwischen Enns und March,424.0
106120,Hohentauern,2014,Steiermark,Ennsgebiet,1265.0
101741,Hohenzollernhaus,2014,Tirol,Inngebiet oberhalb der Salzach,2200.0
107854,Hollabrunn,2014,Niederösterreich,Donaugebiet zwischen Enns und March,236.0
115899,Hollenburg,2014,Niederösterreich,Donaugebiet zwischen Enns und March,223.0
115907,Hollenstein an der Ybbs,2014,Niederösterreich,Donaugebiet zwischen Enns und March,495.0
115600,Hollenthon,2014,Niederösterreich,Rabnitzgebiet,685.0
116350,Hollern,2014,Niederösterreich,Leithagebiet,145.0
101154,Holzgau,2014,Tirol,Donaugebiet oberhalb des Inn,1080.0
102780,Hopfgarten i.Brt.,2014,Tirol,Inngebiet oberhalb der Salzach,591.0
114926,Hopfgarten i.Def.,2014,Tirol,Draugebiet,1096.0
108720,Horn,2014,Niederösterreich,Donaugebiet zwischen Enns und March,318.0
114462,Hundsmarhof-Heiligengeist,2014,Kärnten,Draugebiet,989.0
106369,Huttererböden,2014,Oberösterreich,Ennsgebiet,1370.0
101220,Höfen,2014,Tirol,Donaugebiet oberhalb des Inn,874.0
100800,Hörbranz,2014,Vorarlberg,Rheingebiet,425.0
105536,Hörsching,2014,Oberösterreich,Donaugebiet zwischen Inn und Traun,297.0
114777,Hörzendorf,2014,Kärnten,Draugebiet,490.0
103770,Hüttau,2014,Salzburg,Salzachgebiet,720.0
103937,Hütten,2014,Salzburg,Salzachgebiet,900.0
103689,Hüttschlag,2014,Salzburg,Salzachgebiet,1030.0
108456,Gutenstein,2014,Niederösterreich,Donaugebiet zwischen Enns und March,478.0
114785,Guttaring,2014,Kärnten,Draugebiet,710.0
109561,Gänserndorf,2014,Niederösterreich,Marchgebiet,163.0
107037,Göstling an der Ybbs,2014,Niederösterreich,Donaugebiet zwischen Enns und March,530.0
110221,Göttlesbrunn,2014,Niederösterreich,Leithagebiet,167.0
113381,Gößkessel,2014,Kärnten,Draugebiet,1673.0
105106,Gößl,2014,Steiermark,Traungebiet,710.0
100461,Gütle,2014,Vorarlberg,Rheingebiet,530.0
115824,Hagenbrunn,2014,Niederösterreich,Donaugebiet zwischen Enns und March,226.0
111229,Hagensdorf-Luising,2014,Burgenland,Raabgebiet,199.0
119487,Hahnenkamm-Ehrenbachhöhe,2014,Tirol,Inngebiet oberhalb der Salzach,1790.0
101501,Hahnenkamm-Reutte,2014,Tirol,Donaugebiet oberhalb des Inn,1670.0
103432,Haidbach,2014,Salzburg,Salzachgebiet,900.0
102939,Haiming,2014,Tirol,Inngebiet oberhalb der Salzach,663.0
107490,Hainfeld,2014,Niederösterreich,Donaugebiet zwischen Enns und March,429.0
110544,Halbturn,2014,Burgenland,Rabnitzgebiet,130.0
120022,Hall in Tirol,2014,Tirol,Inngebiet oberhalb der Salzach,585.0
104281,Hallein,2014,Salzburg,Salzachgebiet,443.0
119453,Halltal-Oberbergstollen,2014,Tirol,Inngebiet oberhalb der Salzach,1610.0
121053,Hard (Rotachstrasse),2014,Vorarlberg,Rheingebiet,401.0
112854,Haringgraben,2014,Steiermark,Murgebiet,1020.0
115832,Harmannsdorf,2014,Niederösterreich,Donaugebiet zwischen Enns und March,413.0
110999,Hartberg,2014,Steiermark,Raabgebiet,350.0
108696,Haschendorf,2014,Niederösterreich,Donaugebiet zwischen Enns und March,229.0
104620,Haslach,2014,Oberösterreich,Donaugebiet zwischen Inn und Traun,542.0
109728,Haugschlag,2014,Niederösterreich,Moldaugebiet,571.0
110205,Haßbach,2014,Niederösterreich,Leithagebiet,786.0
112334,Hebalpe,2014,Steiermark,Murgebiet,1310.0
119610,Hechleitalm,2014,Tirol,Inngebiet oberhalb der Salzach,920.0
113175,Heiligenblut,2014,Kärnten,Draugebiet,1325.0
102319,Gries im Sellrain,2014,Tirol,Inngebiet oberhalb der Salzach,1227.0
119388,Gries,2014,Tirol,Inngebiet oberhalb der Salzach,1590.0
104778,Grieskirchen-Moosham,2014,Oberösterreich,Donaugebiet zwischen Inn und Traun,352.0
119768,Griesner Alm,2014,Tirol,Inngebiet oberhalb der Salzach,990.0
119628,Griesner Kar,2014,Tirol,Inngebiet oberhalb der Salzach,911.0
101089,Groß St. Florian,2014,Steiermark,Murgebiet,320.0
107573,Groß-Gerungs,2014,Niederösterreich,Donaugebiet zwischen Enns und March,680.0
103697,Großarl,2014,Salzburg,Salzachgebiet,890.0
119446,Großer Ahornboden,2014,Tirol,Donaugebiet oberhalb des Inn,1170.0
118612,Großgmain,2014,Salzburg,Salzachgebiet,560.0
107409,Großheinrichschlag,2014,Niederösterreich,Donaugebiet zwischen Enns und March,704.0
109660,Großkadolz,2014,Niederösterreich,Marchgebiet,190.0
112771,Großlobming,2014,Steiermark,Murgebiet,650.0
111344,Großwilfersdorf,2014,Steiermark,Raabgebiet,275.0
106021,Grubegg,2014,Steiermark,Ennsgebiet,790.0
110312,Karl,2014,Burgenland,Rabnitzgebiet,373.0
112599,Karlgraben,2014,Steiermark,Murgebiet,775.0
119594,Karlsbader Hütte,2014,Tirol,Draugebiet,2130.0
108738,Karlstetten,2014,Niederösterreich,Donaugebiet zwischen Enns und March,340.0
106823,Karlstift,2014,Niederösterreich,Donaugebiet zwischen Enns und March,919.0
105890,Kartellboden-Damm,2014,Tirol,Inngebiet oberhalb der Salzach,2019.0
114959,Kartitsch,2014,Tirol,Draugebiet,1374.0
110288,Kasern,2014,Tirol,Inngebiet oberhalb der Salzach,1846.0
119354,Kastenalm,2014,Tirol,Donaugebiet oberhalb des Inn,1230.0
116335,Kaumberg,2014,Niederösterreich,Donaugebiet zwischen Enns und March,573.0
119149,Kaunergrathütte,2014,Tirol,Inngebiet oberhalb der Salzach,2520.0
101873,Kaunertal-Vergötschen,2014,Tirol,Inngebiet oberhalb der Salzach,1269.0
102772,Kelchsau,2014,Tirol,Inngebiet oberhalb der Salzach,801.0
104752,Kematen am Innbach,2014,Oberösterreich,Donaugebiet zwischen Inn und Traun,355.0
115055,Kendlbruck,2014,Salzburg,Murgebiet,940.0
115923,Kernhof,2014,Niederösterreich,Donaugebiet zwischen Enns und March,751.0
114215,Keutschach,2014,Kärnten,Draugebiet,516.0
115618,Kienberg,2014,Niederösterreich,Donaugebiet zwischen Enns und March,367.0
115634,Kierling,2014,Niederösterreich,Donaugebiet zwischen Enns und March,232.0
107334,Kilb,2014,Niederösterreich,Donaugebiet zwischen Enns und March,295.0
101691,Kindtal,2014,Steiermark,Murgebiet,573.0
112383,Kirchbach in Steiermark,2014,Steiermark,Murgebiet,365.0
109967,Kirchberg am Wechsel,2014,Niederösterreich,Leithagebiet,563.0
102863,Kirchberg in Tirol,2014,Tirol,Inngebiet oberhalb der Salzach,830.0
104588,Kirchberg ob der Donau,2014,Oberösterreich,Donaugebiet zwischen Inn und Traun,588.0
102798,Kirchbichl,2014,Tirol,Inngebiet oberhalb der Salzach,496.0
105544,Kirchdorf an der Krems,2014,Oberösterreich,Traungebiet,456.0
106203,Kirchenlandl,2014,Steiermark,Ennsgebiet,510.0
111484,Kirchfidisch,2014,Burgenland,Raabgebiet,266.0
105742,Kirchschlag bei Linz,2014,Oberösterreich,Donaugebiet zwischen Inn und Traun,885.0
109629,Kittsee,2014,Burgenland,Donaugebiet zwischen March und Leitha,136.0
102848,Kitzbühel,2014,Tirol,Inngebiet oberhalb der Salzach,770.0
112300,Kitzeck im Sausal,2014,Steiermark,Murgebiet,485.0
114173,Klagenfurt (Flugplatz),2014,Kärnten,Draugebiet,450.0
114561,Klagenfurt,2014,Kärnten,Draugebiet,458.0
106765,Klammalm,2014,Tirol,Inngebiet oberhalb der Salzach,1945.0
103655,Klammstein,2014,Salzburg,Salzachgebiet,795.0
106435,Klaus an der Pyhrnbahn,2014,Oberösterreich,Ennsgebiet,461.0
116368,Klausen-Leopoldsdorf,2014,Niederösterreich,Donaugebiet zwischen Enns und March,434.0
102962,Klaushof,2014,Tirol,Inngebiet oberhalb der Salzach,1022.0
106401,Klein Pyhrgas,2014,Oberösterreich,Ennsgebiet,813.0
103705,Kleinarl,2014,Salzburg,Salzachgebiet,990.0
113241,Kleindorf,2014,Kärnten,Draugebiet,720.0
123018,Kleinlobming,2014,Steiermark,Murgebiet,740.0
115931,Kleinpertenschlag,2014,Niederösterreich,Donaugebiet zwischen Enns und March,924.0
106286,Kleinreifling,2014,Oberösterreich,Ennsgebiet,414.0
102434,Kleinvolderberg,2014,Tirol,Inngebiet oberhalb der Salzach,660.0
111385,Kleinzicken,2014,Burgenland,Raabgebiet,265.0
110528,Kleylehof,2014,Burgenland,Rabnitzgebiet,135.0
114249,Klopein am Klopeiner See,2014,Kärnten,Draugebiet,462.0
100024,Klostertaler Gletscher,2014,Vorarlberg,Rheingebiet,2750.0
112763,Klosterwinkel,2014,Steiermark,Murgebiet,1162.0
100826,Klösterle,2014,Vorarlberg,Rheingebiet,1057.0
114603,Knappenberg,2014,Kärnten,Draugebiet,1055.0
110346,Kobersdorf,2014,Burgenland,Rabnitzgebiet,333.0
104539,Kollerschlag,2014,Oberösterreich,Donaugebiet zwischen Inn und Traun,714.0
118562,Kolm-Saigurn,2014,Salzburg,Salzachgebiet,1600.0
104471,Kopfing,2014,Oberösterreich,Inngebiet unterhalb der Salzach,569.0
100909,Kops,2014,Vorarlberg,Rheingebiet,1829.0
101402,Kotalm NL,2014,Tirol,Donaugebiet oberhalb des Inn,1300.0
104034,Ibm,2014,Oberösterreich,Salzachgebiet,427.0
122010,Illmitz (Biologische Station),2014,Burgenland,Rabnitzgebiet,115.0
115915,Immendorf,2014,Niederösterreich,Donaugebiet zwischen Enns und March,237.0
115238,Imst-Obermarkter Alm,2014,Tirol,Inngebiet oberhalb der Salzach,1564.0
102004,Imst-Oberstadt,2014,Tirol,Inngebiet oberhalb der Salzach,860.0
111781,Ingering II,2014,Steiermark,Murgebiet,850.0
102723,Inneralpbach,2014,Tirol,Inngebiet oberhalb der Salzach,1040.0
109108,Innerhalbach,2014,Niederösterreich,Donaugebiet zwischen Enns und March,524.0
113332,Innerkrems,2014,Kärnten,Draugebiet,1520.0
100412,Innerlaterns,2014,Vorarlberg,Rheingebiet,1025.0
103051,Innerschmirn-Obern,2014,Tirol,Inngebiet oberhalb der Salzach,1632.0
113027,Innervillgraten,2014,Tirol,Draugebiet,1376.0
102327,Innsbruck (Flughafen),2014,Tirol,Inngebiet oberhalb der Salzach,579.0
102335,Innsbruck (Universität),2014,Tirol,Inngebiet oberhalb der Salzach,577.0
119404,Innsbruck-Seegrube,2014,Tirol,Inngebiet oberhalb der Salzach,1921.0
103036,Inzing,2014,Tirol,Inngebiet oberhalb der Salzach,610.0
120030,Inzinger Alm-Kaserboden,2014,Tirol,Inngebiet oberhalb der Salzach,1790.0
106070,Irdning,2014,Steiermark,Ennsgebiet,702.0
114512,Irschen-Leppen,2014,Kärnten,Draugebiet,1153.0
113100,Iselsberg-Penzelberg,2014,Kärnten,Draugebiet,1210.0
101915,Jamtalferner-Rußkopf,2014,Tirol,Inngebiet oberhalb der Salzach,2690.0
119305,Jamtalferner-Zunge,2014,Tirol,Inngebiet oberhalb der Salzach,2400.0
108613,Jauerling (ORF),2014,Niederösterreich,Donaugebiet zwischen Enns und March,955.0
110791,Jauken,2014,Kärnten,Draugebiet,933.0
102491,Jenbach,2014,Tirol,Inngebiet oberhalb der Salzach,530.0
102079,Jerzens-Ritzenried,2014,Tirol,Inngebiet oberhalb der Salzach,1120.0
102830,Jochberg,2014,Tirol,Inngebiet oberhalb der Salzach,950.0
105882,Johannestal,2014,Tirol,Donaugebiet oberhalb des Inn,1308.0
111716,Judenburg,2014,Steiermark,Murgebiet,730.0
104919,Julbach,2014,Oberösterreich,Donaugebiet zwischen Inn und Traun,565.0
101493,Jungholz,2014,Tirol,Donaugebiet oberhalb des Inn,1118.0
112789,Jägerwirt,2014,Steiermark,Murgebiet,1300.0
115170,Jöchlspitze,2014,Tirol,Donaugebiet oberhalb des Inn,1697.0
103382,Telfs-Zimmerbergklamm,2014,Tirol,Inngebiet oberhalb der Salzach,967.0
101840,Kaiserbergtal,2014,Tirol,Inngebiet oberhalb der Salzach,2330.0
109835,Kaiserbrunn,2014,Niederösterreich,Leithagebiet,523.0
101147,Kaisers,2014,Tirol,Donaugebiet oberhalb des Inn,1380.0
113076,Kals am Großglockner,2014,Tirol,Draugebiet,1336.0
119842,Kalser Tauernhaus,2014,Tirol,Draugebiet,1800.0
111823,Kalwang,2014,Steiermark,Murgebiet,742.0
113571,Kanzelhöhe,2014,Kärnten,Draugebiet,1520.0
101097,Kapfenberg,2014,Steiermark,Murgebiet,515.0
119792,Kappl-Oberbichl,2014,Tirol,Inngebiet oberhalb der Salzach,1490.0
103507,Kaprun,2014,Salzburg,Salzachgebiet,750.0
104190,Karbachalm (Talstation),2014,Salzburg,Salzachgebiet,925.0
102905,Kössen,2014,Tirol,Inngebiet oberhalb der Salzach,590.0
115162,Kötschach-Mauthen,2014,Kärnten,Draugebiet,722.0
103010,Kühtai,2014,Tirol,Inngebiet oberhalb der Salzach,1917.0
105791,Laa an der Thaya,2014,Niederösterreich,Marchgebiet,183.0
109439,Laa an der Thaya,2014,Niederösterreich,Marchgebiet,184.0
106880,Laab,2014,Oberösterreich,Donaugebiet zwischen Enns und March,240.0
115550,Laab im Walde,2014,Niederösterreich,Donaugebiet zwischen Enns und March,318.0
105338,Laakirchen,2014,Oberösterreich,Traungebiet,440.0
107011,Lackenhof,2014,Niederösterreich,Donaugebiet zwischen Enns und March,807.0
101816,Ladis-Neuegg,2014,Tirol,Inngebiet oberhalb der Salzach,1426.0
105171,Lahn-Hallstatt,2014,Oberösterreich,Traungebiet,510.0
101642,Lahnsattel,2014,Niederösterreich,Murgebiet,932.0
115949,Laimbach am Ostrong,2014,Niederösterreich,Donaugebiet zwischen Enns und March,513.0
104422,Lambrechten,2014,Oberösterreich,Inngebiet unterhalb der Salzach,396.0
101899,Landeck,2014,Tirol,Inngebiet oberhalb der Salzach,798.0
102640,Lanersbach,2014,Tirol,Inngebiet oberhalb der Salzach,1250.0
113316,Lieser-Lanisch,2014,Kärnten,Draugebiet,1725.0
106112,Liezen,2014,Steiermark,Ennsgebiet,670.0
112185,Ligist,2014,Steiermark,Murgebiet,370.0
115121,Lilienfeld-Tarschberg,2014,Niederösterreich,Donaugebiet zwischen Enns und March,696.0
116004,Limbach,2014,Niederösterreich,Marchgebiet,575.0
112680,Limberg,2014,Steiermark,Murgebiet,450.0
104869,Linz (Stadt),2014,Oberösterreich,Donaugebiet zwischen Inn und Traun,262.0
105726,Linz (Wasserwerk Scharlinz),2014,Oberösterreich,Traungebiet,260.0
104877,Linz-Urfahr,2014,Oberösterreich,Donaugebiet zwischen Inn und Traun,305.0
106377,Linzer Haus,2014,Oberösterreich,Ennsgebiet,1435.0
109249,Litschau,2014,Niederösterreich,Moldaugebiet,558.0
101469,Lochalm ML,2014,Tirol,Donaugebiet oberhalb des Inn,1430.0
105031,Lofer,2014,Salzburg,Salzachgebiet,622.0
113811,Loibltunnel,2014,Kärnten,Draugebiet,1097.0
110700,Loretto,2014,Burgenland,Leithagebiet,231.0
115006,Lucknerhütte,2014,Tirol,Draugebiet,2250.0
100917,Ludesch,2014,Vorarlberg,Rheingebiet,550.0
107029,Lunz am See,2014,Niederösterreich,Donaugebiet zwischen Enns und March,611.0
100446,Lustenau,2014,Vorarlberg,Rheingebiet,404.0
110387,Lutzmannsburg,2014,Burgenland,Rabnitzgebiet,206.0
102236,Längenfeld,2014,Tirol,Inngebiet oberhalb der Salzach,1180.0
119164,Längental,2014,Tirol,Inngebiet oberhalb der Salzach,2230.0
100305,Lünerseealpe,2014,Vorarlberg,Rheingebiet,2012.0
100297,Lünersee,2014,Vorarlberg,Rheingebiet,1906.0
100289,Lünerseealpe,2014,Vorarlberg,Rheingebiet,2018.0
100040,Madlener Haus,2014,Vorarlberg,Rheingebiet,1980.0
114108,Magdalensberg,2014,Kärnten,Draugebiet,922.0
109413,Mailberg,2014,Niederösterreich,Marchgebiet,208.0
107813,Maissau,2014,Niederösterreich,Donaugebiet zwischen Enns und March,333.0
114694,Maitratten-Sonnleiten,2014,Kärnten,Draugebiet,976.0
113258,Mallnitz,2014,Kärnten,Draugebiet,1197.0
113399,Malta,2014,Kärnten,Draugebiet,835.0
110148,Mannersdorf am Leithagebirge,2014,Niederösterreich,Leithagebiet,193.0
110338,Mannersdorf an der Rabnitz,2014,Burgenland,Rabnitzgebiet,252.0
116020,Margarethen am Moos,2014,Niederösterreich,Donaugebiet zwischen Enns und March,168.0
110171,Maria Alm,2014,Salzburg,Salzachgebiet,792.0
107359,Maria Laach am Jauerling,2014,Niederösterreich,Donaugebiet zwischen Enns und March,594.0
105635,Maria Laah,2014,Oberösterreich,Donaugebiet zwischen Traun und Enns,358.0
107342,Maria Langegg,2014,Niederösterreich,Donaugebiet zwischen Enns und March,495.0
112177,Maria Lankowitz,2014,Steiermark,Murgebiet,530.0
113597,Maria Luggau,2014,Kärnten,Draugebiet,1134.0
106310,Maria Neustift,2014,Oberösterreich,Ennsgebiet,609.0
119578,Maria Waldrast,2014,Tirol,Inngebiet oberhalb der Salzach,1590.0
116038,Maria-Anzbach,2014,Niederösterreich,Donaugebiet zwischen Enns und March,345.0
118570,Mariapfarr,2014,Salzburg,Murgebiet,1151.0
119297,Marienbergalm,2014,Tirol,Inngebiet oberhalb der Salzach,1640.0
109926,Mariensee,2014,Niederösterreich,Leithagebiet,869.0
111476,Markt Allhau,2014,Burgenland,Raabgebiet,327.0
109603,Markthof,2014,Niederösterreich,Marchgebiet,142.0
102376,Matrei am Brenner,2014,Tirol,Inngebiet oberhalb der Salzach,970.0
113050,Matrei in Osttirol,2014,Tirol,Draugebiet,1001.0
104349,Mattighofen,2014,Oberösterreich,Inngebiet unterhalb der Salzach,457.0
104331,Mattsee,2014,Salzburg,Inngebiet unterhalb der Salzach,502.0
109579,Matzen,2014,Niederösterreich,Marchgebiet,170.0
108274,Matzendorf-Hölles,2014,Niederösterreich,Donaugebiet zwischen Enns und March,291.0
104554,Mausloch,2014,Oberösterreich,Donaugebiet zwischen Inn und Traun,515.0
111831,Mautern,2014,Steiermark,Murgebiet,753.0
105650,Mauthausen,2014,Oberösterreich,Donaugebiet zwischen Traun und Enns,247.0
100255,Langen am Arlberg,2014,Vorarlberg,Rheingebiet,1253.0
107771,Langenlebarn,2014,Niederösterreich,Donaugebiet zwischen Enns und March,175.0
107672,Langenlois,2014,Niederösterreich,Donaugebiet zwischen Enns und March,207.0
115956,Langenrohr,2014,Niederösterreich,Donaugebiet zwischen Enns und March,181.0
104661,Langhalsen,2014,Oberösterreich,Donaugebiet zwischen Inn und Traun,449.0
108977,Lasberg,2014,Oberösterreich,Donaugebiet zwischen Enns und March,575.0
109694,Lassee,2014,Niederösterreich,Marchgebiet,146.0
100222,Latschau,2014,Vorarlberg,Rheingebiet,994.0
102178,Latschbloder,2014,Tirol,Inngebiet oberhalb der Salzach,2910.0
106336,Laussa,2014,Oberösterreich,Ennsgebiet,440.0
114876,Lavamünd,2014,Kärnten,Draugebiet,348.0
110866,Laßnitzhöhe,2014,Steiermark,Raabgebiet,524.0
101121,Lech,2014,Vorarlberg,Donaugebiet oberhalb des Inn,1470.0
119719,Leckfeldalm,2014,Tirol,Draugebiet,1920.0
119743,Leisacher Alm-Koflpaß,2014,Tirol,Draugebiet,1900.0
115113,Leiser Berge,2014,Niederösterreich,Marchgebiet,457.0
105403,Lenzing,2014,Oberösterreich,Traungebiet,465.0
115972,Leodagger,2014,Niederösterreich,Marchgebiet,284.0
105585,Leonding,2014,Oberösterreich,Donaugebiet zwischen Inn und Traun,273.0
109736,Leopoldsdorf im Marchfeld,2014,Niederösterreich,Donaugebiet zwischen Enns und March,151.0
110163,Lessach,2014,Salzburg,Murgebiet,1190.0
101303,Leutasch-Kirchplatzl,2014,Tirol,Donaugebiet oberhalb des Inn,1135.0
112292,Leutschach,2014,Steiermark,Murgebiet,370.0
115980,Lichtenau,2014,Niederösterreich,Donaugebiet zwischen Enns und March,666.0
115998,Lichtenegg,2014,Niederösterreich,Rabnitzgebiet,841.0
106831,Liebenau,2014,Oberösterreich,Donaugebiet zwischen Enns und March,953.0
105015,Lienz-Tristach,2014,Tirol,Draugebiet,666.0
113092,Lienz,2014,Tirol,Draugebiet,659.0
119859,Lienzer Hütte,2014,Tirol,Draugebiet,1980.0
115014,Lienzer-Dolomiten-Hütte,2014,Tirol,Draugebiet,1585.0
111807,Kraubath an der Mur,2014,Steiermark,Murgebiet,586.0
103499,Krefelder Hütte,2014,Salzburg,Salzachgebiet,2295.0
107441,Krems an der Donau,2014,Niederösterreich,Donaugebiet zwischen Enns und March,203.0
105551,Kremsmünster,2014,Oberösterreich,Traungebiet,382.0
112748,Kreuzberg,2014,Steiermark,Murgebiet,590.0
111328,Kreuzwirt,2014,Steiermark,Raabgebiet,1038.0
110122,Krimml,2014,Salzburg,Salzachgebiet,1009.0
105783,Krippenstein,2014,Oberösterreich,Traungebiet,2050.0
119867,Kristeiner Tal-Paintner Alm,2014,Tirol,Draugebiet,1842.0
107631,Kronsegg,2014,Niederösterreich,Donaugebiet zwischen Enns und March,485.0
110676,Krumbach,2014,Niederösterreich,Raabgebiet,595.0
102814,Kufstein,2014,Tirol,Inngebiet oberhalb der Salzach,493.0
111203,Kukmirn,2014,Burgenland,Raabgebiet,252.0
119537,Köglalm,2014,Tirol,Donaugebiet oberhalb des Inn,1487.0
121038,Körbersee,2014,Vorarlberg,Rheingebiet,1676.0
104687,Neuhaus an der Donau,2014,Oberösterreich,Donaugebiet zwischen Inn und Traun,450.0
112573,Neuhof,2014,Steiermark,Murgebiet,770.0
105569,Neuhofen an der Krems,2014,Oberösterreich,Traungebiet,326.0
116079,Neuhofen an der Ybbs,2014,Niederösterreich,Donaugebiet zwischen Enns und March,322.0
104059,Neukirchen,2014,Salzburg,Salzachgebiet,830.0
104737,Neukirchen am Walde,2014,Oberösterreich,Donaugebiet zwischen Inn und Traun,555.0
104307,Neukirchen an der Enknach,2014,Oberösterreich,Inngebiet unterhalb der Salzach,404.0
110908,Neumarkt an der Raab,2014,Burgenland,Raabgebiet,243.0
104703,Neumarkt im Hausruck,2014,Oberösterreich,Donaugebiet zwischen Inn und Traun,398.0
105627,Neumarkt im Mühlkreis,2014,Oberösterreich,Donaugebiet zwischen Traun und Enns,611.0
114017,Neumarkt in Steiermark,2014,Steiermark,Draugebiet,872.0
109918,Neunkirchen,2014,Niederösterreich,Leithagebiet,361.0
110510,Neusiedl am See,2014,Burgenland,Rabnitzgebiet,117.0
116087,Neustadtl,2014,Niederösterreich,Donaugebiet zwischen Enns und March,486.0
110395,Neustift an der Rosalia,2014,Burgenland,Rabnitzgebiet,597.0
103101,Neustift i. St.-Volderau,2014,Tirol,Inngebiet oberhalb der Salzach,1130.0
104968,Neustift im Mühlkreis,2014,Oberösterreich,Donaugebiet zwischen Inn und Traun,597.0
101634,Neustift im Stubaital,2014,Tirol,Inngebiet oberhalb der Salzach,993.0
104950,Neußerling,2014,Oberösterreich,Donaugebiet zwischen Inn und Traun,615.0
116442,Nexing,2014,Niederösterreich,Marchgebiet,201.0
110080,Nickelsdorf,2014,Burgenland,Leithagebiet,130.0
112607,Niederalpl,2014,Steiermark,Murgebiet,930.0
116392,Niederhollabrunn,2014,Niederösterreich,Donaugebiet zwischen Enns und March,229.0
103176,Niederndorferberg,2014,Tirol,Inngebiet oberhalb der Salzach,980.0
103002,Niederthai,2014,Tirol,Inngebiet oberhalb der Salzach,1564.0
110627,Nikitsch,2014,Burgenland,Rabnitzgebiet,222.0
114942,Nikolsdorf,2014,Tirol,Draugebiet,650.0
114033,Noreia,2014,Steiermark,Draugebiet,1060.0
104000,Nußdorf,2014,Salzburg,Salzachgebiet,460.0
111773,Obdach,2014,Steiermark,Murgebiet,875.0
119107,Oberbirg-s'Gliger,2014,Tirol,Inngebiet oberhalb der Salzach,2160.0
111187,Oberdorf im Burgenland,2014,Burgenland,Raabgebiet,361.0
113118,Oberdrauburg,2014,Kärnten,Draugebiet,621.0
113183,Oberes Fleißkees,2014,Kärnten,Draugebiet,2808.0
102210,Obergurgl,2014,Tirol,Inngebiet oberhalb der Salzach,1940.0
121020,Obergüntenstallalpe,2014,Vorarlberg,Rheingebiet,1604.0
104547,Oberkappel,2014,Oberösterreich,Donaugebiet zwischen Inn und Traun,522.0
102350,Obernberg am Brenner,2014,Tirol,Inngebiet oberhalb der Salzach,1360.0
108928,Oberndorf an der Melk,2014,Niederösterreich,Donaugebiet zwischen Enns und March,295.0
104018,Oberndorf,2014,Salzburg,Salzachgebiet,430.0
110379,Oberpullendorf,2014,Burgenland,Rabnitzgebiet,233.0
116111,Oberrußbach,2014,Niederösterreich,Donaugebiet zwischen Enns und March,277.0
109595,Obersiebenbrunn,2014,Niederösterreich,Marchgebiet,150.0
118752,Obertauern,2014,Salzburg,Ennsgebiet,1772.0
113589,Obertilliach,2014,Tirol,Draugebiet,1400.0
105148,Obertraun,2014,Oberösterreich,Traungebiet,513.0
100057,Obervermunt,2014,Vorarlberg,Rheingebiet,1980.0
108688,Oberwaltersdorf,2014,Niederösterreich,Donaugebiet zwischen Enns und March,212.0
105700,Oberwang,2014,Oberösterreich,Traungebiet,595.0
111112,Oberwart,2014,Burgenland,Raabgebiet,314.0
123158,Oberwölz,2014,Steiermark,Murgebiet,810.0
102285,Obsteig,2014,Tirol,Inngebiet oberhalb der Salzach,950.0
102269,Ochsengarten-Obergut,2014,Tirol,Inngebiet oberhalb der Salzach,1695.0
101477,Ochsenhütte,2014,Tirol,Donaugebiet oberhalb des Inn,1460.0
106948,Oed,2014,Niederösterreich,Donaugebiet zwischen Enns und March,401.0
102251,Oetz,2014,Tirol,Inngebiet oberhalb der Salzach,760.0
116129,Oeynhausen (Autobahnmeist.),2014,Niederösterreich,Donaugebiet zwischen Enns und March,212.0
110478,Oggau,2014,Burgenland,Rabnitzgebiet,120.0
116251,Ollersbach,2014,Niederösterreich,Donaugebiet zwischen Enns und March,244.0
114538,Würmlach,2014,Kärnten,Draugebiet,692.0
102541,Mayrhofen,2014,Tirol,Inngebiet oberhalb der Salzach,633.0
100404,Meiningen,2014,Vorarlberg,Rheingebiet,423.0
109272,Meires,2014,Niederösterreich,Marchgebiet,492.0
106773,Meißnerhaus,2014,Tirol,Inngebiet oberhalb der Salzach,1666.0
107284,Melk,2014,Niederösterreich,Donaugebiet zwischen Enns und March,284.0
100503,Meschach,2014,Vorarlberg,Rheingebiet,857.0
116061,Messern,2014,Niederösterreich,Donaugebiet zwischen Enns und March,466.0
105999,Michaelerberg,2014,Steiermark,Ennsgebiet,1280.0
109181,Miesenbach,2014,Niederösterreich,Donaugebiet zwischen Enns und March,480.0
113423,Millstatt,2014,Kärnten,Draugebiet,593.0
116541,Mistelbach (Kläranlage),2014,Niederösterreich,Marchgebiet,192.0
107136,Mitterbach,2014,Niederösterreich,Donaugebiet zwischen Enns und March,865.0
102608,Mitterhütten,2014,Tirol,Inngebiet oberhalb der Salzach,1730.0
115501,Mitterkartunnel (Nord),2014,Kärnten,Draugebiet,1910.0
106443,Molln,2014,Oberösterreich,Ennsgebiet,423.0
105346,Mondsee,2014,Oberösterreich,Traungebiet,481.0
108464,Moosbrunn,2014,Niederösterreich,Donaugebiet zwischen Enns und March,198.0
103473,Mooserboden,2014,Salzburg,Salzachgebiet,2038.0
111500,Muhr,2014,Salzburg,Murgebiet,1110.0
111633,Murau,2014,Steiermark,Murgebiet,814.0
100495,Mäder,2014,Vorarlberg,Rheingebiet,420.0
100792,Möggers,2014,Vorarlberg,Rheingebiet,1010.0
106666,Möls-Hochleger,2014,Tirol,Inngebiet oberhalb der Salzach,2040.0
111336,Mönichkirchen,2014,Niederösterreich,Raabgebiet,991.0
109942,Mönichkirchner Schwaig,2014,Niederösterreich,Leithagebiet,1188.0
110502,Mörbisch am See,2014,Burgenland,Rabnitzgebiet,130.0
109132,Mühlbach am Manhartsberg,2014,Niederösterreich,Donaugebiet zwischen Enns und March,356.0
108845,Mühldorf bei Spitz,2014,Niederösterreich,Donaugebiet zwischen Enns und March,375.0
104513,Münzkirchen,2014,Oberösterreich,Donaugebiet zwischen Inn und Traun,498.0
111906,Mürzsteg,2014,Steiermark,Murgebiet,810.0
111922,Mürzzuschlag,2014,Steiermark,Murgebiet,700.0
108563,Naglern,2014,Niederösterreich,Donaugebiet zwischen Enns und March,280.0
101204,Namlos,2014,Tirol,Donaugebiet oberhalb des Inn,1260.0
119115,Nassereinalpe,2014,Tirol,Inngebiet oberhalb der Salzach,2050.0
102954,Nassereith,2014,Tirol,Inngebiet oberhalb der Salzach,854.0
119099,Nauderer-Tschey,2014,Tirol,Inngebiet oberhalb der Salzach,1920.0
101709,Nauders,2014,Tirol,Inngebiet oberhalb der Salzach,1360.0
119396,Navis,2014,Tirol,Inngebiet oberhalb der Salzach,1385.0
114637,Naßfeld,2014,Kärnten,Draugebiet,1530.0
109827,Naßwald,2014,Niederösterreich,Leithagebiet,619.0
110155,Naßwald (Wasseralm),2014,Niederösterreich,Leithagebiet,774.0
110726,Nebersdorf,2014,Burgenland,Rabnitzgebiet,225.0
100982,Nenzinger Himmel,2014,Vorarlberg,Rheingebiet,1305.0
107003,Neuhaus am Zellerain,2014,Niederösterreich,Donaugebiet zwischen Enns und March,1076.0
110718,Parndorf,2014,Burgenland,Leithagebiet,181.0
101014,Partenen,2014,Vorarlberg,Rheingebiet,1030.0
104679,Partenstein,2014,Oberösterreich,Donaugebiet zwischen Inn und Traun,295.0
102418,Patscherkofel,2014,Tirol,Inngebiet oberhalb der Salzach,2247.0
103424,Paß Thurn,2014,Salzburg,Salzachgebiet,1200.0
106583,Pechgraben,2014,Oberösterreich,Ennsgebiet,430.0
112847,Pernegg,2014,Steiermark,Murgebiet,460.0
115535,Perschling,2014,Niederösterreich,Donaugebiet zwischen Enns und March,217.0
116509,Persenbeug,2014,Niederösterreich,Donaugebiet zwischen Enns und March,575.0
101337,Pertisau,2014,Tirol,Donaugebiet oberhalb des Inn,930.0
104711,Peuerbach,2014,Oberösterreich,Donaugebiet zwischen Inn und Traun,372.0
109298,Pfaffenschlag,2014,Niederösterreich,Marchgebiet,579.0
104562,Pfarrkirchen,2014,Oberösterreich,Donaugebiet zwischen Inn und Traun,815.0
119180,Pforzheimer Hütte,2014,Tirol,Inngebiet oberhalb der Salzach,2330.0
103275,Pfunds,2014,Tirol,Inngebiet oberhalb der Salzach,992.0
100974,Pfänder,2014,Vorarlberg,Rheingebiet,1055.0
111732,Pusterwald-Hinterwinkel,2014,Steiermark,Murgebiet,1260.0
107706,Pyhra,2014,Niederösterreich,Donaugebiet zwischen Enns und March,298.0
115543,Pyhrabruck,2014,Niederösterreich,Moldaugebiet,539.0
116343,Pöchlarn,2014,Niederösterreich,Donaugebiet zwischen Enns und March,213.0
107250,Pöggstall,2014,Niederösterreich,Donaugebiet zwischen Enns und March,445.0
111310,Pöllau,2014,Steiermark,Raabgebiet,420.0
111393,Pöllau (Zentralstation),2014,Steiermark,Raabgebiet,525.0
114835,Pörtschach,2014,Kärnten,Draugebiet,450.0
104851,Pöstlingberg,2014,Oberösterreich,Donaugebiet zwischen Inn und Traun,490.0
105205,Pötschen,2014,Steiermark,Traungebiet,1000.0
110411,Pöttsching,2014,Burgenland,Rabnitzgebiet,215.0
105825,Raabs/Thaya,2014,Niederösterreich,Marchgebiet,459.0
108167,Raasdorf,2014,Niederösterreich,Donaugebiet zwischen Enns und March,155.0
103119,Radfeld,2014,Tirol,Inngebiet oberhalb der Salzach,514.0
118554,Radhaus,2014,Salzburg,Salzachgebiet,2131.0
105916,Radstadt,2014,Salzburg,Ennsgebiet,890.0
114124,Oberglan,2014,Kärnten,Draugebiet,581.0
106807,Rainbach im Mühlkreis,2014,Oberösterreich,Donaugebiet zwischen Enns und March,690.0
110296,Raintalquelle,2014,Tirol,Inngebiet oberhalb der Salzach,1215.0
106591,Ramsau,2014,Steiermark,Ennsgebiet,1203.0
104570,Rannawerk,2014,Oberösterreich,Donaugebiet zwischen Inn und Traun,285.0
107532,Rappottenstein,2014,Niederösterreich,Donaugebiet zwischen Enns und March,586.0
101774,Rauher Kopf,2014,Tirol,Inngebiet oberhalb der Salzach,2670.0
103598,Rauris,2014,Salzburg,Salzachgebiet,934.0
115139,Rax (Seilbahnstation),2014,Niederösterreich,Leithagebiet,1547.0
111286,Redlschlag,2014,Burgenland,Raabgebiet,704.0
100693,Rehenbergalpe,2014,Vorarlberg,Rheingebiet,988.0
109843,Reichenau an der Rax,2014,Niederösterreich,Leithagebiet,488.0
105676,Reichenau,2014,Oberösterreich,Donaugebiet zwischen Traun und Enns,689.0
114298,Reichenfels,2014,Kärnten,Draugebiet,791.0
104398,Reichersberg,2014,Oberösterreich,Inngebiet unterhalb der Salzach,351.0
106328,Reichraming,2014,Oberösterreich,Ennsgebiet,360.0
109652,Reinberg-Dobersberg,2014,Niederösterreich,Moldaugebiet,605.0
111021,Rettenegg,2014,Steiermark,Raabgebiet,860.0
109405,Retz (Windmühle),2014,Niederösterreich,Marchgebiet,320.0
101238,Reutte,2014,Tirol,Donaugebiet oberhalb des Inn,850.0
112995,Ried im Innkreis,2014,Oberösterreich,Inngebiet unterhalb der Salzach,427.0
101790,Ried im Oberinntal,2014,Tirol,Inngebiet oberhalb der Salzach,895.0
102970,Ried im Zillertal,2014,Tirol,Inngebiet oberhalb der Salzach,554.0
100719,Riefensberg,2014,Vorarlberg,Rheingebiet,770.0
109785,Riegersburg,2014,Niederösterreich,Marchgebiet,451.0
111302,Riegersburg,2014,Steiermark,Raabgebiet,350.0
119214,Riffelferner,2014,Tirol,Inngebiet oberhalb der Salzach,2740.0
102038,Riffelseehütte,2014,Tirol,Inngebiet oberhalb der Salzach,2240.0
102459,Rinn,2014,Tirol,Inngebiet oberhalb der Salzach,895.0
114751,Rinner Alm,2014,Tirol,Inngebiet oberhalb der Salzach,1581.0
110593,Ritzing,2014,Burgenland,Rabnitzgebiet,308.0
100230,Rodund,2014,Vorarlberg,Rheingebiet,645.0
102095,Rofenberg,2014,Tirol,Inngebiet oberhalb der Salzach,2827.0
109801,Rohr im Gebirge,2014,Niederösterreich,Leithagebiet,684.0
100610,Rohralpe,2014,Vorarlberg,Rheingebiet,1233.0
104646,Rohrbach,2014,Oberösterreich,Donaugebiet zwischen Inn und Traun,597.0
103572,Rojacher Hütte,2014,Salzburg,Salzachgebiet,2559.0
102509,Rotholz,2014,Tirol,Inngebiet oberhalb der Salzach,563.0
104117,Rudolfshütte,2014,Salzburg,Salzachgebiet,2317.0
101881,Runserau,2014,Tirol,Inngebiet oberhalb der Salzach,859.0
110486,Rust,2014,Burgenland,Rabnitzgebiet,122.0
103903,Saalbach,2014,Salzburg,Salzachgebiet,975.0
103929,Saalfelden,2014,Salzburg,Salzachgebiet,765.0
104802,Piberstein,2014,Oberösterreich,Donaugebiet zwischen Inn und Traun,871.0
111260,Pilgersdorf,2014,Burgenland,Raabgebiet,360.0
103028,Piller,2014,Tirol,Inngebiet oberhalb der Salzach,1312.0
108571,Pillichsdorf,2014,Niederösterreich,Donaugebiet zwischen Enns und March,169.0
111104,Pinkafeld,2014,Burgenland,Raabgebiet,397.0
119784,Pitschedboden,2014,Tirol,Draugebiet,2285.0
101535,Pitztaler Gletscher,2014,Tirol,Inngebiet oberhalb der Salzach,2850.0
105973,Planai,2014,Steiermark,Ennsgebiet,1816.0
102046,Plangeroß,2014,Tirol,Inngebiet oberhalb der Salzach,1605.0
106567,Planneralm,2014,Steiermark,Ennsgebiet,1605.0
112060,Pleschkogel,2014,Steiermark,Murgebiet,910.0
101386,Plums-Bärental,2014,Tirol,Donaugebiet oberhalb des Inn,1235.0
114843,Plöckenpaß,2014,Kärnten,Draugebiet,1232.0
110551,Podersdorf am See,2014,Burgenland,Rabnitzgebiet,121.0
108712,Poggschlag,2014,Niederösterreich,Donaugebiet zwischen Enns und March,904.0
109751,Pommersdorf,2014,Niederösterreich,Marchgebiet,483.0
119727,Porzehütte,2014,Tirol,Draugebiet,1935.0
111492,Postalm,2014,Salzburg,Traungebiet,1170.0
108266,Pottenstein,2014,Niederösterreich,Donaugebiet zwischen Enns und March,327.0
109876,Pottschach,2014,Niederösterreich,Leithagebiet,411.0
109538,Poysdorf (Ost),2014,Niederösterreich,Marchgebiet,198.0
119172,Praxmar,2014,Tirol,Inngebiet oberhalb der Salzach,2150.0
114306,Preblau,2014,Kärnten,Draugebiet,790.0
111914,Preiner Gscheid,2014,Steiermark,Murgebiet,890.0
114314,Preitenegg,2014,Kärnten,Draugebiet,1034.0
109090,Prinzersdorf,2014,Niederösterreich,Donaugebiet zwischen Enns und March,249.0
102103,Proviantdepot,2014,Tirol,Inngebiet oberhalb der Salzach,2737.0
102947,Prutz,2014,Tirol,Inngebiet oberhalb der Salzach,870.0
113043,Prägraten,2014,Tirol,Draugebiet,1340.0
109884,Puchberg am Schneeberg,2014,Niederösterreich,Leithagebiet,583.0
106534,Oppenberg,2014,Steiermark,Ennsgebiet,1060.0
107078,Opponitz,2014,Niederösterreich,Donaugebiet zwischen Enns und March,402.0
108514,Orth an der Donau,2014,Niederösterreich,Donaugebiet zwischen Enns und March,149.0
113563,Ossiach,2014,Kärnten,Draugebiet,526.0
104042,Ostermiething,2014,Oberösterreich,Salzachgebiet,410.0
112755,Osterwitz,2014,Steiermark,Murgebiet,1220.0
123067,Osterwitz-Winkel,2014,Steiermark,Murgebiet,1000.0
107391,Ottenschlag,2014,Niederösterreich,Donaugebiet zwischen Enns und March,863.0
104844,Ottensheim,2014,Oberösterreich,Donaugebiet zwischen Inn und Traun,264.0
107607,Ottenstein,2014,Niederösterreich,Donaugebiet zwischen Enns und March,554.0
112508,Paal-Stadl,2014,Steiermark,Murgebiet,870.0
112136,Pack,2014,Steiermark,Murgebiet,1115.0
114744,Padasteralm,2014,Tirol,Inngebiet oberhalb der Salzach,1700.0
109637,Pama,2014,Burgenland,Donaugebiet zwischen March und Leitha,134.0
105775,Schöngrabern,2014,Niederösterreich,Donaugebiet zwischen Enns und March,253.0
111799,Seckau,2014,Steiermark,Murgebiet,855.0
101956,See im Paznaun,2014,Tirol,Inngebiet oberhalb der Salzach,1063.0
113886,Seeberg,2014,Kärnten,Draugebiet,1040.0
101295,Seefeld in Tirol,2014,Tirol,Donaugebiet oberhalb des Inn,1182.0
111641,Seetal,2014,Salzburg,Murgebiet,1210.0
123182,Seewiesen,2014,Steiermark,Murgebiet,980.0
110023,Seibersdorf,2014,Niederösterreich,Leithagebiet,185.0
107102,Seitenstetten,2014,Niederösterreich,Donaugebiet zwischen Enns und March,351.0
110247,Semmering,2014,Niederösterreich,Leithagebiet,988.0
112045,Semriach,2014,Steiermark,Murgebiet,700.0
100685,Sibratsgfäll,2014,Vorarlberg,Rheingebiet,906.0
115527,Siebenlinden,2014,Niederösterreich,Moldaugebiet,661.0
110361,Sieggraben,2014,Burgenland,Rabnitzgebiet,438.0
107789,Sieghartskirchen,2014,Niederösterreich,Donaugebiet zwischen Enns und March,199.0
104430,Sigharting,2014,Oberösterreich,Inngebiet unterhalb der Salzach,344.0
114025,Silberegg,2014,Kärnten,Draugebiet,594.0
100206,Silbertal,2014,Vorarlberg,Rheingebiet,886.0
100198,Silbertaler Winterjöchle,2014,Vorarlberg,Rheingebiet,1946.0
106781,Sillalm,2014,Tirol,Inngebiet oberhalb der Salzach,1612.0
114116,Sillehof,2014,Kärnten,Draugebiet,450.0
113001,Sillian,2014,Tirol,Draugebiet,1079.0
111062,Sinabelkirchen,2014,Steiermark,Raabgebiet,350.0
113936,Sirnitz,2014,Kärnten,Draugebiet,823.0
114769,Sistranser Alm,2014,Tirol,Inngebiet oberhalb der Salzach,1613.0
109116,Sitzenberg-Reidling,2014,Niederösterreich,Donaugebiet zwischen Enns und March,214.0
112706,Soboth,2014,Steiermark,Draugebiet,1145.0
103556,Sonnblick (hangp. Auffangfl.),2014,Salzburg,Salzachgebiet,3076.0
101055,Sonntag-Stein,2014,Vorarlberg,Rheingebiet,1677.0
109017,Sonntagberg,2014,Niederösterreich,Donaugebiet zwischen Enns und March,589.0
119339,Spielbichlsattel,2014,Tirol,Draugebiet,1940.0
101717,Spiss,2014,Tirol,Inngebiet oberhalb der Salzach,1643.0
106393,Spital am Pyhrn,2014,Oberösterreich,Ennsgebiet,630.0
107458,St.Aegyd am Neuwalde,2014,Niederösterreich,Donaugebiet zwischen Enns und March,607.0
104992,St.Agatha,2014,Oberösterreich,Donaugebiet zwischen Inn und Traun,499.0
114421,St.Andrä im Lavanttal,2014,Kärnten,Draugebiet,403.0
112227,St.Anna ob Schwanberg,2014,Steiermark,Murgebiet,1050.0
101964,St.Anton am Arlberg,2014,Tirol,Inngebiet oberhalb der Salzach,1285.0
109033,St.Anton an der Jeßnitz,2014,Niederösterreich,Donaugebiet zwischen Enns und March,400.0
110254,St.Corona am Wechsel,2014,Niederösterreich,Leithagebiet,870.0
105593,St.Florian,2014,Oberösterreich,Donaugebiet zwischen Traun und Enns,257.0
100123,St.Gallenkirch,2014,Vorarlberg,Rheingebiet,860.0
107052,St.Georgen am Reith,2014,Niederösterreich,Donaugebiet zwischen Enns und March,494.0
109066,St.Georgen an der Leys,2014,Niederösterreich,Donaugebiet zwischen Enns und March,471.0
113068,St.Jakob i.Def.,2014,Tirol,Draugebiet,1400.0
110916,St.Jakob im Walde,2014,Steiermark,Raabgebiet,922.0
111724,St.Johann am Tauern,2014,Steiermark,Murgebiet,1050.0
104372,St.Johann am Walde,2014,Oberösterreich,Inngebiet unterhalb der Salzach,629.0
111054,St.Johann bei Herberstein,2014,Steiermark,Raabgebiet,410.0
118745,St.Johann im Pongau,2014,Salzburg,Salzachgebiet,634.0
113084,St.Johann im Walde,2014,Tirol,Draugebiet,750.0
103143,St.Johann in Tirol-Almdorf,2014,Tirol,Inngebiet oberhalb der Salzach,667.0
104174,St.Koloman,2014,Salzburg,Salzachgebiet,1000.0
111682,St.Lambrecht,2014,Steiermark,Murgebiet,1070.0
107276,St.Leonhard am Forst,2014,Niederösterreich,Donaugebiet zwischen Enns und March,256.0
116202,St.Leonhard am Hornerwald,2014,Niederösterreich,Donaugebiet zwischen Enns und March,547.0
116194,St.Leonhard am Walde,2014,Niederösterreich,Donaugebiet zwischen Enns und March,634.0
102061,St.Leonhard i.P.,2014,Tirol,Inngebiet oberhalb der Salzach,1329.0
103283,St.Leonhard i.P.-N.,2014,Tirol,Inngebiet oberhalb der Salzach,1460.0
113134,Sachsenburg,2014,Kärnten,Draugebiet,560.0
112219,Sajach,2014,Steiermark,Murgebiet,340.0
116426,Salmhof,2014,Niederösterreich,Marchgebiet,145.0
103853,Salzburg-Flughafen,2014,Salzburg,Salzachgebiet,430.0
104141,Salzburg-Freisaal,2014,Salzburg,Salzachgebiet,419.0
119289,Salzhütte,2014,Tirol,Inngebiet oberhalb der Salzach,1510.0
105007,Salzstiegel,2014,Steiermark,Murgebiet,1340.0
117515,Sandl,2014,Oberösterreich,Moldaugebiet,935.0
110106,Saubersdorf,2014,Niederösterreich,Leithagebiet,320.0
106930,Saxen-Au,2014,Oberösterreich,Donaugebiet zwischen Enns und March,244.0
104505,Schardenberg,2014,Oberösterreich,Inngebiet unterhalb der Salzach,529.0
105379,Scharfling,2014,Oberösterreich,Traungebiet,480.0
101287,Scharnitz,2014,Tirol,Donaugebiet oberhalb des Inn,959.0
105502,Scharnstein,2014,Oberösterreich,Traungebiet,485.0
104786,Scharten,2014,Oberösterreich,Donaugebiet zwischen Inn und Traun,395.0
110619,Schattendorf,2014,Burgenland,Rabnitzgebiet,268.0
107193,Scheibbs,2014,Niederösterreich,Donaugebiet zwischen Enns und March,440.0
105601,Schenkenfelden,2014,Oberösterreich,Moldaugebiet,745.0
102988,Schlegeis,2014,Tirol,Inngebiet oberhalb der Salzach,1800.0
116160,Schletz,2014,Niederösterreich,Marchgebiet,238.0
102517,Schlitterberg,2014,Tirol,Inngebiet oberhalb der Salzach,960.0
104604,Schlägl,2014,Oberösterreich,Donaugebiet zwischen Inn und Traun,555.0
119206,Schmalzklausenalm,2014,Tirol,Inngebiet oberhalb der Salzach,1170.0
111765,Schmelz,2014,Steiermark,Murgebiet,1560.0
103481,Schmiedinger Kees,2014,Salzburg,Salzachgebiet,2800.0
103515,Schmittenhöhe,2014,Salzburg,Salzachgebiet,1956.0
100552,Schoppernau,2014,Vorarlberg,Rheingebiet,835.0
100214,Schruns,2014,Vorarlberg,Rheingebiet,671.0
100537,Schröcken,2014,Vorarlberg,Rheingebiet,1244.0
113860,Schwarz-Radsberg,2014,Kärnten,Draugebiet,780.0
109819,Schwarzau im Gebirge,2014,Niederösterreich,Leithagebiet,601.0
115576,Schwarzenbach an der Pielach,2014,Niederösterreich,Donaugebiet zwischen Enns und March,582.0
104596,Schwarzenberg,2014,Oberösterreich,Donaugebiet zwischen Inn und Traun,729.0
102483,Schwaz,2014,Tirol,Inngebiet oberhalb der Salzach,548.0
108407,Schwechat (Flugplatz),2014,Niederösterreich,Donaugebiet zwischen Enns und March,183.0
116145,Schwechat-Aichhof,2014,Niederösterreich,Donaugebiet zwischen Enns und March,163.0
105023,Schwendt,2014,Tirol,Inngebiet oberhalb der Salzach,660.0
104448,Schärding-Rossbach,2014,Oberösterreich,Inngebiet unterhalb der Salzach,330.0
110841,Schöckl,2014,Steiermark,Raabgebiet,1445.0
107623,Schönberg,2014,Niederösterreich,Donaugebiet zwischen Enns und March,217.0
102384,Schönberg im Stubaital,2014,Tirol,Inngebiet oberhalb der Salzach,1009.0
105155,Schönbergalpe,2014,Oberösterreich,Traungebiet,1350.0
106849,Schöneben-Gugu,2014,Oberösterreich,Donaugebiet zwischen Enns und March,908.0
100651,Schönenbach,2014,Vorarlberg,Rheingebiet,1040.0
106427,St.Pankraz,2014,Oberösterreich,Ennsgebiet,598.0
108985,St.Pantaleon,2014,Niederösterreich,Donaugebiet zwischen Enns und March,240.0
112391,St.Peter am Ottersbach,2014,Steiermark,Murgebiet,270.0
104653,St.Peter am Wimberg,2014,Oberösterreich,Donaugebiet zwischen Inn und Traun,687.0
113324,St.Peter im Katschtal,2014,Kärnten,Draugebiet,1220.0
105858,St.Pölten (Landhaus),2014,Niederösterreich,Donaugebiet zwischen Enns und March,274.0
115642,St.Pölten,2014,Niederösterreich,Donaugebiet zwischen Enns und March,285.0
110858,St.Radegund,2014,Steiermark,Raabgebiet,725.0
123083,St.Ruprecht an der Raab,2014,Steiermark,Raabgebiet,400.0
101683,St.Sebastian-Mariazell,2014,Steiermark,Ennsgebiet,862.0
103044,St.Sigmund-Sellrain,2014,Tirol,Inngebiet oberhalb der Salzach,1521.0
106914,St.Thomas am Blasenstein,2014,Oberösterreich,Donaugebiet zwischen Enns und March,665.0
103358,St.Ulrich-Pillersee,2014,Tirol,Salzachgebiet,870.0
106716,St.Veit an der Glan,2014,Kärnten,Draugebiet,463.0
104182,St.Veit im Pongau,2014,Salzburg,Salzachgebiet,749.0
100727,Sulzberg,2014,Vorarlberg,Rheingebiet,1004.0
112649,Södingberg,2014,Steiermark,Murgebiet,480.0
102228,Sölden,2014,Tirol,Inngebiet oberhalb der Salzach,1332.0
103226,Söll-Stockach,2014,Tirol,Inngebiet oberhalb der Salzach,660.0
111583,Tamsweg,2014,Salzburg,Murgebiet,1025.0
101261,Tannheim-Kienzen,2014,Tirol,Donaugebiet oberhalb des Inn,1110.0
102020,Taschachhaus,2014,Tirol,Inngebiet oberhalb der Salzach,2470.0
116236,Tautendorf,2014,Niederösterreich,Donaugebiet zwischen Enns und March,429.0
102400,Telfes im Stubai,2014,Tirol,Inngebiet oberhalb der Salzach,1070.0
102301,Telfs,2014,Tirol,Inngebiet oberhalb der Salzach,618.0
109074,Texing,2014,Niederösterreich,Donaugebiet zwischen Enns und March,469.0
115022,Thalgau,2014,Salzburg,Traungebiet,730.0
103127,Thiersee-Landl,2014,Tirol,Inngebiet oberhalb der Salzach,700.0
111591,Thomatal,2014,Salzburg,Murgebiet,1071.0
100370,Thüringen,2014,Vorarlberg,Rheingebiet,547.0
100875,Thüringerberg,2014,Vorarlberg,Rheingebiet,967.0
100164,Tilisunasee,2014,Vorarlberg,Rheingebiet,2200.0
106872,Tragwein,2014,Oberösterreich,Donaugebiet zwischen Enns und March,455.0
111997,Tragöß,2014,Steiermark,Murgebiet,770.0
112730,Trahütten,2014,Steiermark,Murgebiet,970.0
110213,Trattenbach,2014,Niederösterreich,Leithagebiet,790.0
116186,Trattenbach (Schlaggraben),2014,Niederösterreich,Leithagebiet,1100.0
119347,Traualpsee,2014,Tirol,Donaugebiet oberhalb des Inn,1660.0
102368,Trins,2014,Tirol,Inngebiet oberhalb der Salzach,1235.0
111872,Trofaiach,2014,Steiermark,Murgebiet,660.0
114884,Tröpolach,2014,Kärnten,Draugebiet,615.0
100180,Tschagguns,2014,Vorarlberg,Rheingebiet,681.0
100065,Tschifernella,2014,Vorarlberg,Rheingebiet,2344.0
108779,Tulln-Bildeiche,2014,Niederösterreich,Donaugebiet zwischen Enns und March,177.0
108043,Tullnerbach,2014,Niederösterreich,Donaugebiet zwischen Enns und March,281.0
123133,Turracher Höhe,2014,Steiermark,Murgebiet,1767.0
111542,Tweng,2014,Salzburg,Murgebiet,1200.0
107466,Türnitz,2014,Niederösterreich,Donaugebiet zwischen Enns und March,480.0
116269,Ulrichskirchen,2014,Niederösterreich,Donaugebiet zwischen Enns und March,183.0
102244,Umhausen,2014,Tirol,Inngebiet oberhalb der Salzach,1041.0
110189,Unken,2014,Salzburg,Salzachgebiet,587.0
113191,Unteres Fleißkees,2014,Kärnten,Draugebiet,2558.0
115865,Unterhöflein,2014,Niederösterreich,Leithagebiet,441.0
115089,Unterkirchbach,2014,Niederösterreich,Donaugebiet zwischen Enns und March,310.0
106278,Unterlaussa,2014,Oberösterreich,Ennsgebiet,540.0
107425,Unterloiben,2014,Niederösterreich,Donaugebiet zwischen Enns und March,200.0
112409,Unterpurkla,2014,Steiermark,Murgebiet,220.0
116285,Unterretzbach,2014,Niederösterreich,Marchgebiet,240.0
119651,Unterseebenalm,2014,Tirol,Inngebiet oberhalb der Salzach,1860.0
105957,Untertal-Tetter,2014,Steiermark,Ennsgebiet,1040.0
111708,Unzmarkt,2014,Steiermark,Murgebiet,745.0
100149,Valzifenz,2014,Vorarlberg,Rheingebiet,2300.0
112565,Veitsch,2014,Steiermark,Murgebiet,665.0
114629,Velden-Weinzierl,2014,Kärnten,Draugebiet,535.0
102194,Vent,2014,Tirol,Inngebiet oberhalb der Salzach,1900.0
102202,Vent,2014,Tirol,Inngebiet oberhalb der Salzach,1907.0
100099,Verbella,2014,Vorarlberg,Rheingebiet,2350.0
100073,Vermunt,2014,Vorarlberg,Rheingebiet,1736.0
100016,Vermuntgletscher,2014,Vorarlberg,Rheingebiet,2700.0
102152,Vernagtbrücke,2014,Tirol,Inngebiet oberhalb der Salzach,2640.0
104521,Vichtenstein,2014,Oberösterreich,Donaugebiet zwischen Inn und Traun,592.0
116491,Viehdorf,2014,Niederösterreich,Donaugebiet zwischen Enns und March,363.0
115030,Vigaun,2014,Salzburg,Salzachgebiet,495.0
113530,Villach,2014,Kärnten,Draugebiet,493.0
123026,St.Wolfgang,2014,Steiermark,Murgebiet,1275.0
105759,St.Wolfgang,2014,Oberösterreich,Traungebiet,544.0
106898,Stadt Haag,2014,Niederösterreich,Donaugebiet zwischen Enns und March,349.0
111146,Stadtschlaining,2014,Burgenland,Raabgebiet,424.0
112367,Stainz,2014,Steiermark,Murgebiet,340.0
113225,Stall,2014,Kärnten,Draugebiet,849.0
119438,Stallenhütte,2014,Tirol,Inngebiet oberhalb der Salzach,1430.0
102277,Stams,2014,Tirol,Inngebiet oberhalb der Salzach,711.0
112540,Stanz,2014,Steiermark,Murgebiet,648.0
106708,Stein (Enns),2014,Steiermark,Ennsgebiet,680.0
107888,Steinabrunn,2014,Niederösterreich,Donaugebiet zwischen Enns und March,247.0
103069,Steinach a.Br.,2014,Tirol,Inngebiet oberhalb der Salzach,1204.0
109025,Steinakirchen am Forst,2014,Niederösterreich,Donaugebiet zwischen Enns und March,338.0
102756,Steinberg am Rofan,2014,Tirol,Inngebiet oberhalb der Salzach,1020.0
119586,Brentenjoch,2014,Tirol,Inngebiet oberhalb der Salzach,1190.0
110429,Steinbrunn,2014,Burgenland,Rabnitzgebiet,210.0
116210,Steinholz,2014,Niederösterreich,Donaugebiet zwischen Enns und March,424.0
106955,Stephanshart,2014,Niederösterreich,Donaugebiet zwischen Enns und March,284.0
108803,Stetten,2014,Niederösterreich,Donaugebiet zwischen Enns und March,179.0
106559,Steyr,2014,Oberösterreich,Ennsgebiet,336.0
102996,Stillupp,2014,Tirol,Inngebiet oberhalb der Salzach,1125.0
109892,Stixenstein,2014,Niederösterreich,Leithagebiet,448.0
107870,Stockerau,2014,Niederösterreich,Donaugebiet zwischen Enns und March,170.0
107797,Stockern,2014,Niederösterreich,Donaugebiet zwischen Enns und March,405.0
109900,Stollhof-Hohe Wand,2014,Niederösterreich,Leithagebiet,446.0
112425,Straden,2014,Steiermark,Murgebiet,360.0
112516,Straß,2014,Steiermark,Murgebiet,256.0
104356,Straßwalchen,2014,Salzburg,Inngebiet unterhalb der Salzach,550.0
105254,Strobl,2014,Salzburg,Traungebiet,540.0
103440,Stuhlfelden,2014,Salzburg,Salzachgebiet,816.0
112714,St.Lorenzen,2014,Steiermark,Murgebiet,752.0
110452,St.Margarethen im Burgenland,2014,Burgenland,Rabnitzgebiet,147.0
114256,St.Margarethen ob Töllerberg,2014,Kärnten,Draugebiet,463.0
110742,St.Margarethen-Berg,2014,Burgenland,Rabnitzgebiet,196.0
104414,St.Marienkirchen,2014,Oberösterreich,Inngebiet unterhalb der Salzach,340.0
102467,St.Martin i.G.,2014,Tirol,Inngebiet oberhalb der Salzach,875.0
105049,St.Michael i. Lg.,2014,Salzburg,Murgebiet,1052.0
111195,St.Michael im Burgenland,2014,Burgenland,Raabgebiet,243.0
112888,St.Michael in Obersteiermark,2014,Steiermark,Murgebiet,580.0
114280,St.Michael ob Bleiburg,2014,Kärnten,Draugebiet,500.0
114793,St.Michael-Wolfsberg,2014,Kärnten,Draugebiet,510.0
112318,St.Nikolai im Sausal,2014,Steiermark,Murgebiet,340.0
106005,St.Nikolai im Sölktal,2014,Steiermark,Ennsgebiet,1120.0
108704,St.Oswald,2014,Niederösterreich,Donaugebiet zwischen Enns und March,658.0
114447,St.Oswald,2014,Kärnten,Draugebiet,1373.0
119230,Westfalenhaus,2014,Tirol,Inngebiet oberhalb der Salzach,2295.0
119644,Wettersteinhütte,2014,Tirol,Donaugebiet oberhalb des Inn,1700.0
111419,Wetzelsdorf,2014,Steiermark,Raabgebiet,303.0
106294,Weyer,2014,Oberösterreich,Ennsgebiet,426.0
105684,Weyregg,2014,Oberösterreich,Traungebiet,469.0
108118,Wien (Botanischer Garten),2014,Wien,Donaugebiet zwischen Enns und March,180.0
117143,Wien (Einlaufbauwerk),2014,Wien,Donaugebiet zwischen Enns und March,175.0
117127,Wien (Gutheil-Schoder-Gasse),2014,Wien,Donaugebiet zwischen Enns und March,192.0
107979,Wien (Hohe Warte),2014,Wien,Donaugebiet zwischen Enns und March,198.0
108852,Wien (Jägerwiese),2014,Wien,Donaugebiet zwischen Enns und March,450.0
108894,Wien (Lainzer Tor),2014,Wien,Donaugebiet zwischen Enns und March,265.0
117150,Wien (Praterstern),2014,Wien,Donaugebiet zwischen Enns und March,160.0
107995,Wien (Rathausplatz),2014,Wien,Donaugebiet zwischen Enns und March,185.0
108357,Wien (Rosenhügel),2014,Wien,Donaugebiet zwischen Enns und March,244.0
117101,Wien (Spargelfeld),2014,Wien,Donaugebiet zwischen Enns und March,159.0
108399,Wien (Zentralfriedhof),2014,Wien,Donaugebiet zwischen Enns und March,172.0
117069,Wien-Bisamberg,2014,Wien,Donaugebiet zwischen Enns und March,305.0
112979,Wien-Donaufeld,2014,Wien,Donaugebiet zwischen Enns und March,160.0
117085,Wien-Innere Stadt,2014,Wien,Donaugebiet zwischen Enns und March,177.0
112961,Wien-Jubiläumswarte,2014,Wien,Donaugebiet zwischen Enns und March,450.0
108159,Wien-Kagran,2014,Wien,Donaugebiet zwischen Enns und March,158.0
108381,Wien-Laaer Berg,2014,Wien,Donaugebiet zwischen Enns und March,224.0
108084,Wien-Mariabrunn,2014,Wien,Donaugebiet zwischen Enns und March,225.0
117077,Wien-Mauerbach,2014,Wien,Donaugebiet zwischen Enns und March,215.0
117093,Wien-Neueßling,2014,Wien,Donaugebiet zwischen Enns und March,155.0
107953,Wien-Neustift,2014,Wien,Donaugebiet zwischen Enns und March,281.0
108373,Wien-Rothneusiedl,2014,Wien,Donaugebiet zwischen Enns und March,180.0
108142,Wien-Stadlau (Inselpumpwerk),2014,Wien,Donaugebiet zwischen Enns und March,162.0
112953,Wien-Stammersdorf,2014,Wien,Donaugebiet zwischen Enns und March,191.0
108662,Wien-Unterlaa,2014,Wien,Donaugebiet zwischen Enns und March,200.0
108365,Wien-Wiener Berg,2014,Wien,Donaugebiet zwischen Enns und March,238.0
108233,Wiener Neudorf,2014,Niederösterreich,Donaugebiet zwischen Enns und March,197.0
110007,Wiener Neustadt (Flugplatz),2014,Niederösterreich,Leithagebiet,275.0
112557,Wies,2014,Steiermark,Murgebiet,390.0
107235,Wieselburg,2014,Niederösterreich,Donaugebiet zwischen Enns und March,263.0
114066,Wietersdorf,2014,Kärnten,Draugebiet,630.0
106252,Wildalpen,2014,Steiermark,Ennsgebiet,610.0
109447,Wildendürnbach,2014,Niederösterreich,Marchgebiet,211.0
110114,Wildlahner,2014,Tirol,Inngebiet oberhalb der Salzach,1542.0
102764,Wildschönau-Mühltal,2014,Tirol,Inngebiet oberhalb der Salzach,790.0
110635,Winden am See,2014,Burgenland,Rabnitzgebiet,125.0
106492,Windhaag bei Freistadt,2014,Oberösterreich,Moldaugebiet,724.0
117531,Windhaag bei Perg,2014,Oberösterreich,Donaugebiet zwischen Enns und March,513.0
106419,Windischgarsten (Schule),2014,Oberösterreich,Ennsgebiet,604.0
114520,Winklern ob Straßburg,2014,Kärnten,Draugebiet,1020.0
116277,Wolfenreith,2014,Niederösterreich,Donaugebiet zwischen Enns und March,485.0
116178,Wolfpassing a.d. Hochleithen,2014,Niederösterreich,Donaugebiet zwischen Enns und March,206.0
116319,Wolfsbach,2014,Niederösterreich,Donaugebiet zwischen Enns und March,343.0
114702,Wolfsberg,2014,Kärnten,Draugebiet,461.0
105460,Wolfsegg am Hausruck,2014,Oberösterreich,Traungebiet,585.0
116327,Wolfsthal,2014,Niederösterreich,Donaugebiet zwischen March und Leitha,150.0
110668,Wulkaprodersdorf,2014,Burgenland,Rabnitzgebiet,164.0
116012,Wultendorf,2014,Niederösterreich,Marchgebiet,232.0
101857,Wurmetal,2014,Tirol,Inngebiet oberhalb der Salzach,2510.0
103390,Wörgl,2014,Tirol,Inngebiet oberhalb der Salzach,605.0
109009,Ybbsitz-Hofstatt,2014,Niederösterreich,Donaugebiet zwischen Enns und March,551.0
111526,Zederhaus,2014,Salzburg,Murgebiet,1200.0
113498,Villacher Alpe,2014,Kärnten,Draugebiet,2117.0
101279,Vils,2014,Tirol,Donaugebiet oberhalb des Inn,810.0
114991,Virgen,2014,Tirol,Draugebiet,1198.0
109256,Vitis,2014,Niederösterreich,Marchgebiet,519.0
123208,Voitsberg,2014,Steiermark,Murgebiet,394.0
110932,Vorau,2014,Steiermark,Raabgebiet,690.0
105510,Vorchdorf,2014,Oberösterreich,Traungebiet,455.0
105288,Vorderer Langbathsee,2014,Oberösterreich,Traungebiet,675.0
105445,Vöcklabruck,2014,Oberösterreich,Traungebiet,423.0
108290,Vösendorf,2014,Niederösterreich,Donaugebiet zwischen Enns und March,190.0
108837,Vöstenalm,2014,Tirol,Inngebiet oberhalb der Salzach,1878.0
103713,Wagrain,2014,Salzburg,Salzachgebiet,840.0
113670,Waidegg,2014,Kärnten,Draugebiet,637.0
109280,Waidhofen an der Thaya,2014,Niederösterreich,Marchgebiet,498.0
107086,Waidhofen an der Ybbs,2014,Niederösterreich,Donaugebiet zwischen Enns und March,384.0
103986,Waidring,2014,Tirol,Inngebiet oberhalb der Salzach,775.0
102913,Walchsee-Kaiserwinkl,2014,Tirol,Inngebiet oberhalb der Salzach,687.0
111815,Wald am Schoberpaß,2014,Steiermark,Murgebiet,890.0
119693,Walder Alm,2014,Tirol,Inngebiet oberhalb der Salzach,1600.0
106450,Waldneukirchen,2014,Oberösterreich,Ennsgebiet,440.0
104364,Waldzell,2014,Oberösterreich,Inngebiet unterhalb der Salzach,500.0
112433,Waltra,2014,Steiermark,Murgebiet,380.0
101568,Warth,2014,Vorarlberg,Donaugebiet oberhalb des Inn,1475.0
107177,Wastl am Wald,2014,Niederösterreich,Donaugebiet zwischen Enns und March,1079.0
113365,Wastlbauer Alm,2014,Kärnten,Draugebiet,1634.0
103291,Wattener Lizum,2014,Tirol,Inngebiet oberhalb der Salzach,1970.0
104828,Waxenberg,2014,Oberösterreich,Donaugebiet zwischen Inn und Traun,700.0
102475,Weerberg,2014,Tirol,Inngebiet oberhalb der Salzach,928.0
106245,Weichselboden,2014,Steiermark,Ennsgebiet,680.0
115519,Weikertschlag,2014,Niederösterreich,Moldaugebiet,768.0
109314,Weikertschlag an der Thaya,2014,Niederösterreich,Marchgebiet,460.0
100941,Weiler,2014,Vorarlberg,Rheingebiet,500.0
101824,Weisssee,2014,Tirol,Inngebiet oberhalb der Salzach,2464.0
113977,Weitensfeld,2014,Kärnten,Draugebiet,704.0
109389,Weitersfeld,2014,Niederösterreich,Marchgebiet,418.0
106856,Weitersfelden-Ritzenedt,2014,Oberösterreich,Donaugebiet zwischen Enns und March,764.0
113704,Weißbriach,2014,Kärnten,Draugebiet,760.0
105387,Weißenbach am Attersee,2014,Oberösterreich,Traungebiet,476.0
108217,Weißenbach bei Mödling,2014,Niederösterreich,Donaugebiet zwischen Enns und March,388.0
113431,Weißensee-Gatschach,2014,Kärnten,Draugebiet,949.0
113480,Weißenstein,2014,Kärnten,Draugebiet,542.0
111559,Weißpriach,2014,Salzburg,Murgebiet,1100.0
105528,Wels,2014,Oberösterreich,Traungebiet,305.0
113761,Wernberg,2014,Kärnten,Draugebiet,565.0
104455,Wernstein,2014,Oberösterreich,Inngebiet unterhalb der Salzach,355.0
107581,Zwettl-Edelhof,2014,Niederösterreich,Donaugebiet zwischen Enns und March,595.0
112920,Zwieselgraben,2014,Steiermark,Raabgebiet,1080.0
111245,Zöbern,2014,Niederösterreich,Raabgebiet,590.0
101113,Zürs,2014,Vorarlberg,Donaugebiet oberhalb des Inn,1707.0
123166,Ödensee,2014,Steiermark,Traungebiet,763.0
119123,Ölgrubensee,2014,Tirol,Inngebiet oberhalb der Salzach,2850.0
112664,Zehensdorf,2014,Steiermark,Murgebiet,288.0
122796,Zeilerberg,2014,Burgenland,Rabnitzgebiet,299.0
105064,Zell am See,2014,Salzburg,Salzachgebiet,766.0
113852,Zell-Pfarre,2014,Kärnten,Draugebiet,900.0
112441,Zelting,2014,Steiermark,Murgebiet,200.0
111757,Zeltweg,2014,Steiermark,Murgebiet,669.0
114934,Zettersfeld,2014,Tirol,Draugebiet,1903.0
103267,Zillergrund-Plattk.,2014,Tirol,Inngebiet oberhalb der Salzach,2260.0
119826,Zillergrund-Plattkopf,2014,Tirol,Inngebiet oberhalb der Salzach,2260.0
101758,Zirmesköpfl,2014,Tirol,Inngebiet oberhalb der Salzach,2050.0
109678,Zistersdorf,2014,Niederösterreich,Marchgebiet,205.0
102558,Zittauer Hütte,2014,Salzburg,Inngebiet oberhalb der Salzach,2330.0
100966,Zug,2014,Vorarlberg,Donaugebiet oberhalb des Inn,1500.0
110072,Zurndorf,2014,Burgenland,Leithagebiet,144.0
115147,Zwerndorf,2014,Niederösterreich,Marchgebiet,144.0
